"id","aluno","materia","professor","data","dificuldade","nota","status"
1,"Aluno 1","Matéria 1","Professor 6","2025-03-13","Difícil","54.68","Reprovado"
2,"Aluno 1","Matéria 6","Professor 5","2025-03-13","Difícil","73.57","Aprovado"
3,"Aluno 1","Matéria 3","Professor 1","2025-03-13","Difícil","66.52","Reprovado"
4,"Aluno 1","Matéria 1","Professor 5","2025-03-13","Fácil","61.67","Reprovado"
5,"Aluno 1","Matéria 8","Professor 7","2025-03-13","Médio","30.45","Reprovado"
6,"Aluno 2","Matéria 3","Professor 8","2025-03-13","Difícil","77.25","Aprovado"
7,"Aluno 2","Matéria 5","Professor 6","2025-03-13","Difícil","50.85","Reprovado"
8,"Aluno 2","Matéria 10","Professor 1","2025-03-13","Difícil","25.05","Reprovado"
9,"Aluno 2","Matéria 5","Professor 4","2025-03-13","Médio","5.08","Reprovado"
10,"Aluno 2","Matéria 9","Professor 3","2025-03-13","Médio","35.87","Reprovado"
11,"Aluno 3","Matéria 9","Professor 10","2025-03-13","Difícil","25.56","Reprovado"
12,"Aluno 3","Matéria 5","Professor 2","2025-03-13","Difícil","9.23","Reprovado"
13,"Aluno 3","Matéria 4","Professor 4","2025-03-13","Difícil","68.71","Reprovado"
14,"Aluno 3","Matéria 10","Professor 7","2025-03-13","Fácil","27.38","Reprovado"
15,"Aluno 3","Matéria 8","Professor 4","2025-03-13","Médio","51.47","Reprovado"
16,"Aluno 4","Matéria 5","Professor 10","2025-03-13","Fácil","77.29","Aprovado"
17,"Aluno 4","Matéria 1","Professor 7","2025-03-13","Difícil","82.24","Aprovado"
18,"Aluno 4","Matéria 10","Professor 5","2025-03-13","Médio","60.48","Reprovado"
19,"Aluno 4","Matéria 1","Professor 7","2025-03-13","Fácil","97.59","Aprovado"
20,"Aluno 4","Matéria 10","Professor 1","2025-03-13","Médio","65.11","Reprovado"
21,"Aluno 5","Matéria 7","Professor 6","2025-03-13","Médio","10.09","Reprovado"
22,"Aluno 5","Matéria 10","Professor 5","2025-03-13","Médio","39.66","Reprovado"
23,"Aluno 5","Matéria 10","Professor 1","2025-03-13","Médio","34.42","Reprovado"
24,"Aluno 5","Matéria 6","Professor 8","2025-03-13","Difícil","82.62","Aprovado"
25,"Aluno 5","Matéria 8","Professor 8","2025-03-13","Médio","9.57","Reprovado"
26,"Aluno 6","Matéria 4","Professor 2","2025-03-13","Médio","61.06","Reprovado"
27,"Aluno 6","Matéria 1","Professor 9","2025-03-13","Difícil","77.97","Aprovado"
28,"Aluno 6","Matéria 6","Professor 2","2025-03-13","Fácil","46.11","Reprovado"
29,"Aluno 6","Matéria 9","Professor 10","2025-03-13","Médio","3.23","Reprovado"
30,"Aluno 6","Matéria 7","Professor 5","2025-03-13","Difícil","83.40","Aprovado"
31,"Aluno 7","Matéria 5","Professor 5","2025-03-13","Fácil","53.87","Reprovado"
32,"Aluno 7","Matéria 7","Professor 4","2025-03-13","Difícil","45.42","Reprovado"
33,"Aluno 7","Matéria 3","Professor 1","2025-03-13","Difícil","7.81","Reprovado"
34,"Aluno 7","Matéria 8","Professor 3","2025-03-13","Médio","61.40","Reprovado"
35,"Aluno 7","Matéria 2","Professor 6","2025-03-13","Difícil","13.94","Reprovado"
36,"Aluno 8","Matéria 6","Professor 6","2025-03-13","Médio","61.11","Reprovado"
37,"Aluno 8","Matéria 8","Professor 7","2025-03-13","Difícil","1.59","Reprovado"
38,"Aluno 8","Matéria 7","Professor 9","2025-03-13","Difícil","15.68","Reprovado"
39,"Aluno 8","Matéria 3","Professor 1","2025-03-13","Médio","27.34","Reprovado"
40,"Aluno 8","Matéria 2","Professor 7","2025-03-13","Médio","81.33","Aprovado"
41,"Aluno 9","Matéria 10","Professor 7","2025-03-13","Médio","79.42","Aprovado"
42,"Aluno 9","Matéria 9","Professor 3","2025-03-13","Difícil","11.44","Reprovado"
43,"Aluno 9","Matéria 8","Professor 3","2025-03-13","Fácil","6.18","Reprovado"
44,"Aluno 9","Matéria 8","Professor 5","2025-03-13","Médio","67.26","Reprovado"
45,"Aluno 9","Matéria 3","Professor 9","2025-03-13","Difícil","62.43","Reprovado"
46,"Aluno 10","Matéria 7","Professor 5","2025-03-13","Fácil","1.03","Reprovado"
47,"Aluno 10","Matéria 8","Professor 7","2025-03-13","Médio","36.85","Reprovado"
48,"Aluno 10","Matéria 4","Professor 3","2025-03-13","Fácil","76.23","Aprovado"
49,"Aluno 10","Matéria 8","Professor 9","2025-03-13","Fácil","8.20","Reprovado"
50,"Aluno 10","Matéria 5","Professor 3","2025-03-13","Difícil","26.96","Reprovado"
51,"Aluno 11","Matéria 9","Professor 3","2025-03-13","Difícil","23.08","Reprovado"
52,"Aluno 11","Matéria 4","Professor 6","2025-03-13","Fácil","33.64","Reprovado"
53,"Aluno 11","Matéria 9","Professor 8","2025-03-13","Difícil","57.19","Reprovado"
54,"Aluno 11","Matéria 5","Professor 1","2025-03-13","Médio","37.41","Reprovado"
55,"Aluno 11","Matéria 6","Professor 8","2025-03-13","Médio","63.45","Reprovado"
56,"Aluno 12","Matéria 5","Professor 8","2025-03-13","Fácil","79.90","Aprovado"
57,"Aluno 12","Matéria 2","Professor 7","2025-03-13","Médio","79.16","Aprovado"
58,"Aluno 12","Matéria 9","Professor 5","2025-03-13","Fácil","85.76","Aprovado"
59,"Aluno 12","Matéria 9","Professor 3","2025-03-13","Difícil","89.90","Aprovado"
60,"Aluno 12","Matéria 4","Professor 8","2025-03-13","Médio","95.77","Aprovado"
61,"Aluno 13","Matéria 9","Professor 6","2025-03-13","Médio","93.29","Aprovado"
62,"Aluno 13","Matéria 1","Professor 1","2025-03-13","Difícil","9.46","Reprovado"
63,"Aluno 13","Matéria 10","Professor 1","2025-03-13","Médio","79.05","Aprovado"
64,"Aluno 13","Matéria 6","Professor 3","2025-03-13","Difícil","24.83","Reprovado"
65,"Aluno 13","Matéria 10","Professor 4","2025-03-13","Difícil","37.78","Reprovado"
66,"Aluno 14","Matéria 7","Professor 8","2025-03-13","Difícil","20.96","Reprovado"
67,"Aluno 14","Matéria 6","Professor 1","2025-03-13","Difícil","59.13","Reprovado"
68,"Aluno 14","Matéria 9","Professor 9","2025-03-13","Médio","83.15","Aprovado"
69,"Aluno 14","Matéria 9","Professor 3","2025-03-13","Médio","28.24","Reprovado"
70,"Aluno 14","Matéria 9","Professor 10","2025-03-13","Fácil","66.43","Reprovado"
71,"Aluno 15","Matéria 8","Professor 1","2025-03-13","Difícil","94.55","Aprovado"
72,"Aluno 15","Matéria 4","Professor 10","2025-03-13","Médio","8.01","Reprovado"
73,"Aluno 15","Matéria 3","Professor 3","2025-03-13","Médio","20.23","Reprovado"
74,"Aluno 15","Matéria 6","Professor 10","2025-03-13","Médio","44.51","Reprovado"
75,"Aluno 15","Matéria 2","Professor 9","2025-03-13","Difícil","19.78","Reprovado"
76,"Aluno 16","Matéria 3","Professor 8","2025-03-13","Difícil","16.64","Reprovado"
77,"Aluno 16","Matéria 10","Professor 5","2025-03-13","Difícil","9.60","Reprovado"
78,"Aluno 16","Matéria 10","Professor 3","2025-03-13","Fácil","74.05","Aprovado"
79,"Aluno 16","Matéria 7","Professor 3","2025-03-13","Médio","44.81","Reprovado"
80,"Aluno 16","Matéria 5","Professor 10","2025-03-13","Difícil","40.55","Reprovado"
81,"Aluno 17","Matéria 10","Professor 8","2025-03-13","Fácil","54.46","Reprovado"
82,"Aluno 17","Matéria 8","Professor 2","2025-03-13","Difícil","66.86","Reprovado"
83,"Aluno 17","Matéria 10","Professor 7","2025-03-13","Difícil","66.91","Reprovado"
84,"Aluno 17","Matéria 5","Professor 4","2025-03-13","Fácil","83.64","Aprovado"
85,"Aluno 17","Matéria 2","Professor 5","2025-03-13","Médio","32.54","Reprovado"
86,"Aluno 18","Matéria 3","Professor 6","2025-03-13","Difícil","10.82","Reprovado"
87,"Aluno 18","Matéria 3","Professor 7","2025-03-13","Médio","59.61","Reprovado"
88,"Aluno 18","Matéria 9","Professor 4","2025-03-13","Médio","81.64","Aprovado"
89,"Aluno 18","Matéria 8","Professor 10","2025-03-13","Médio","60.33","Reprovado"
90,"Aluno 18","Matéria 1","Professor 8","2025-03-13","Fácil","57.01","Reprovado"
91,"Aluno 19","Matéria 7","Professor 3","2025-03-13","Médio","77.48","Aprovado"
92,"Aluno 19","Matéria 6","Professor 8","2025-03-13","Fácil","28.98","Reprovado"
93,"Aluno 19","Matéria 9","Professor 3","2025-03-13","Difícil","90.36","Aprovado"
94,"Aluno 19","Matéria 1","Professor 8","2025-03-13","Médio","77.65","Aprovado"
95,"Aluno 19","Matéria 3","Professor 6","2025-03-13","Difícil","8.56","Reprovado"
96,"Aluno 20","Matéria 10","Professor 7","2025-03-13","Médio","81.37","Aprovado"
97,"Aluno 20","Matéria 6","Professor 6","2025-03-13","Médio","88.77","Aprovado"
98,"Aluno 20","Matéria 6","Professor 1","2025-03-13","Fácil","19.93","Reprovado"
99,"Aluno 20","Matéria 5","Professor 9","2025-03-13","Médio","1.69","Reprovado"
100,"Aluno 20","Matéria 9","Professor 6","2025-03-13","Médio","80.74","Aprovado"
101,"Aluno 21","Matéria 1","Professor 5","2025-03-13","Difícil","92.21","Aprovado"
102,"Aluno 21","Matéria 1","Professor 4","2025-03-13","Fácil","37.92","Reprovado"
103,"Aluno 21","Matéria 4","Professor 10","2025-03-13","Médio","92.72","Aprovado"
104,"Aluno 21","Matéria 10","Professor 10","2025-03-13","Médio","82.19","Aprovado"
105,"Aluno 21","Matéria 7","Professor 7","2025-03-13","Médio","59.37","Reprovado"
106,"Aluno 22","Matéria 1","Professor 9","2025-03-13","Fácil","6.54","Reprovado"
107,"Aluno 22","Matéria 5","Professor 5","2025-03-13","Fácil","50.69","Reprovado"
108,"Aluno 22","Matéria 3","Professor 10","2025-03-13","Fácil","8.00","Reprovado"
109,"Aluno 22","Matéria 2","Professor 10","2025-03-13","Difícil","69.56","Reprovado"
110,"Aluno 22","Matéria 4","Professor 6","2025-03-13","Difícil","95.08","Aprovado"
111,"Aluno 23","Matéria 4","Professor 10","2025-03-13","Médio","61.16","Reprovado"
112,"Aluno 23","Matéria 4","Professor 8","2025-03-13","Difícil","1.28","Reprovado"
113,"Aluno 23","Matéria 9","Professor 10","2025-03-13","Difícil","5.78","Reprovado"
114,"Aluno 23","Matéria 7","Professor 10","2025-03-13","Médio","14.41","Reprovado"
115,"Aluno 23","Matéria 5","Professor 6","2025-03-13","Difícil","10.31","Reprovado"
116,"Aluno 24","Matéria 10","Professor 4","2025-03-13","Fácil","4.03","Reprovado"
117,"Aluno 24","Matéria 9","Professor 7","2025-03-13","Difícil","99.38","Aprovado"
118,"Aluno 24","Matéria 5","Professor 6","2025-03-13","Fácil","94.73","Aprovado"
119,"Aluno 24","Matéria 1","Professor 1","2025-03-13","Fácil","96.11","Aprovado"
120,"Aluno 24","Matéria 4","Professor 9","2025-03-13","Fácil","2.25","Reprovado"
121,"Aluno 25","Matéria 3","Professor 1","2025-03-13","Médio","18.71","Reprovado"
122,"Aluno 25","Matéria 6","Professor 6","2025-03-13","Fácil","7.45","Reprovado"
123,"Aluno 25","Matéria 3","Professor 9","2025-03-13","Difícil","53.90","Reprovado"
124,"Aluno 25","Matéria 9","Professor 9","2025-03-13","Difícil","88.66","Aprovado"
125,"Aluno 25","Matéria 8","Professor 9","2025-03-13","Médio","8.54","Reprovado"
126,"Aluno 26","Matéria 3","Professor 6","2025-03-13","Fácil","74.64","Aprovado"
127,"Aluno 26","Matéria 1","Professor 4","2025-03-13","Fácil","37.22","Reprovado"
128,"Aluno 26","Matéria 1","Professor 8","2025-03-13","Médio","91.92","Aprovado"
129,"Aluno 26","Matéria 9","Professor 10","2025-03-13","Médio","61.91","Reprovado"
130,"Aluno 26","Matéria 7","Professor 8","2025-03-13","Difícil","50.48","Reprovado"
131,"Aluno 27","Matéria 8","Professor 10","2025-03-13","Fácil","8.19","Reprovado"
132,"Aluno 27","Matéria 3","Professor 2","2025-03-13","Difícil","54.15","Reprovado"
133,"Aluno 27","Matéria 9","Professor 10","2025-03-13","Fácil","26.18","Reprovado"
134,"Aluno 27","Matéria 5","Professor 6","2025-03-13","Médio","26.69","Reprovado"
135,"Aluno 27","Matéria 5","Professor 1","2025-03-13","Difícil","71.63","Aprovado"
136,"Aluno 28","Matéria 4","Professor 5","2025-03-13","Difícil","85.57","Aprovado"
137,"Aluno 28","Matéria 3","Professor 9","2025-03-13","Fácil","18.31","Reprovado"
138,"Aluno 28","Matéria 7","Professor 6","2025-03-13","Difícil","74.38","Aprovado"
139,"Aluno 28","Matéria 2","Professor 4","2025-03-13","Difícil","28.22","Reprovado"
140,"Aluno 28","Matéria 10","Professor 1","2025-03-13","Fácil","96.46","Aprovado"
141,"Aluno 29","Matéria 6","Professor 6","2025-03-13","Médio","0.87","Reprovado"
142,"Aluno 29","Matéria 1","Professor 5","2025-03-13","Médio","65.24","Reprovado"
143,"Aluno 29","Matéria 6","Professor 8","2025-03-13","Difícil","11.46","Reprovado"
144,"Aluno 29","Matéria 1","Professor 5","2025-03-13","Fácil","91.61","Aprovado"
145,"Aluno 29","Matéria 8","Professor 4","2025-03-13","Fácil","24.90","Reprovado"
146,"Aluno 30","Matéria 9","Professor 9","2025-03-13","Médio","37.79","Reprovado"
147,"Aluno 30","Matéria 8","Professor 10","2025-03-13","Médio","47.15","Reprovado"
148,"Aluno 30","Matéria 2","Professor 5","2025-03-13","Médio","77.51","Aprovado"
149,"Aluno 30","Matéria 1","Professor 4","2025-03-13","Difícil","5.27","Reprovado"
150,"Aluno 30","Matéria 7","Professor 9","2025-03-13","Fácil","1.72","Reprovado"
151,"Aluno 31","Matéria 6","Professor 7","2025-03-13","Fácil","31.94","Reprovado"
152,"Aluno 31","Matéria 6","Professor 2","2025-03-13","Difícil","95.98","Aprovado"
153,"Aluno 31","Matéria 5","Professor 3","2025-03-13","Fácil","16.07","Reprovado"
154,"Aluno 31","Matéria 3","Professor 5","2025-03-13","Médio","17.52","Reprovado"
155,"Aluno 31","Matéria 1","Professor 1","2025-03-13","Difícil","79.24","Aprovado"
156,"Aluno 32","Matéria 1","Professor 10","2025-03-13","Fácil","94.28","Aprovado"
157,"Aluno 32","Matéria 5","Professor 10","2025-03-13","Fácil","78.82","Aprovado"
158,"Aluno 32","Matéria 4","Professor 5","2025-03-13","Fácil","12.10","Reprovado"
159,"Aluno 32","Matéria 8","Professor 4","2025-03-13","Médio","70.76","Aprovado"
160,"Aluno 32","Matéria 8","Professor 9","2025-03-13","Médio","22.35","Reprovado"
161,"Aluno 33","Matéria 9","Professor 4","2025-03-13","Fácil","91.65","Aprovado"
162,"Aluno 33","Matéria 6","Professor 10","2025-03-13","Médio","27.79","Reprovado"
163,"Aluno 33","Matéria 2","Professor 6","2025-03-13","Fácil","79.09","Aprovado"
164,"Aluno 33","Matéria 7","Professor 8","2025-03-13","Difícil","39.35","Reprovado"
165,"Aluno 33","Matéria 1","Professor 7","2025-03-13","Médio","41.78","Reprovado"
166,"Aluno 34","Matéria 10","Professor 6","2025-03-13","Fácil","61.82","Reprovado"
167,"Aluno 34","Matéria 5","Professor 2","2025-03-13","Médio","19.08","Reprovado"
168,"Aluno 34","Matéria 1","Professor 5","2025-03-13","Fácil","23.49","Reprovado"
169,"Aluno 34","Matéria 6","Professor 7","2025-03-13","Médio","95.19","Aprovado"
170,"Aluno 34","Matéria 3","Professor 10","2025-03-13","Médio","20.74","Reprovado"
171,"Aluno 35","Matéria 9","Professor 10","2025-03-13","Médio","81.67","Aprovado"
172,"Aluno 35","Matéria 10","Professor 10","2025-03-13","Médio","11.69","Reprovado"
173,"Aluno 35","Matéria 4","Professor 8","2025-03-13","Difícil","63.32","Reprovado"
174,"Aluno 35","Matéria 5","Professor 2","2025-03-13","Médio","80.83","Aprovado"
175,"Aluno 35","Matéria 8","Professor 7","2025-03-13","Difícil","92.74","Aprovado"
176,"Aluno 36","Matéria 10","Professor 4","2025-03-13","Fácil","62.07","Reprovado"
177,"Aluno 36","Matéria 10","Professor 7","2025-03-13","Fácil","75.16","Aprovado"
178,"Aluno 36","Matéria 2","Professor 2","2025-03-13","Médio","7.83","Reprovado"
179,"Aluno 36","Matéria 7","Professor 8","2025-03-13","Fácil","4.28","Reprovado"
180,"Aluno 36","Matéria 5","Professor 4","2025-03-13","Médio","22.46","Reprovado"
181,"Aluno 37","Matéria 8","Professor 2","2025-03-13","Difícil","63.00","Reprovado"
182,"Aluno 37","Matéria 7","Professor 10","2025-03-13","Difícil","53.53","Reprovado"
183,"Aluno 37","Matéria 1","Professor 2","2025-03-13","Fácil","27.02","Reprovado"
184,"Aluno 37","Matéria 1","Professor 6","2025-03-13","Fácil","15.18","Reprovado"
185,"Aluno 37","Matéria 10","Professor 10","2025-03-13","Fácil","62.77","Reprovado"
186,"Aluno 38","Matéria 3","Professor 5","2025-03-13","Difícil","55.30","Reprovado"
187,"Aluno 38","Matéria 7","Professor 1","2025-03-13","Médio","87.93","Aprovado"
188,"Aluno 38","Matéria 3","Professor 3","2025-03-13","Médio","58.33","Reprovado"
189,"Aluno 38","Matéria 5","Professor 8","2025-03-13","Difícil","63.15","Reprovado"
190,"Aluno 38","Matéria 4","Professor 7","2025-03-13","Fácil","16.81","Reprovado"
191,"Aluno 39","Matéria 3","Professor 6","2025-03-13","Difícil","71.65","Aprovado"
192,"Aluno 39","Matéria 5","Professor 1","2025-03-13","Fácil","76.34","Aprovado"
193,"Aluno 39","Matéria 7","Professor 2","2025-03-13","Médio","75.54","Aprovado"
194,"Aluno 39","Matéria 5","Professor 3","2025-03-13","Médio","79.40","Aprovado"
195,"Aluno 39","Matéria 9","Professor 6","2025-03-13","Difícil","74.56","Aprovado"
196,"Aluno 40","Matéria 5","Professor 10","2025-03-13","Médio","93.74","Aprovado"
197,"Aluno 40","Matéria 3","Professor 2","2025-03-13","Difícil","96.99","Aprovado"
198,"Aluno 40","Matéria 1","Professor 1","2025-03-13","Fácil","74.43","Aprovado"
199,"Aluno 40","Matéria 3","Professor 3","2025-03-13","Médio","0.07","Reprovado"
200,"Aluno 40","Matéria 3","Professor 7","2025-03-13","Difícil","26.16","Reprovado"
201,"Aluno 41","Matéria 3","Professor 2","2025-03-13","Difícil","33.30","Reprovado"
202,"Aluno 41","Matéria 6","Professor 9","2025-03-13","Difícil","2.07","Reprovado"
203,"Aluno 41","Matéria 2","Professor 6","2025-03-13","Médio","88.78","Aprovado"
204,"Aluno 41","Matéria 2","Professor 6","2025-03-13","Difícil","67.93","Reprovado"
205,"Aluno 41","Matéria 7","Professor 5","2025-03-13","Médio","68.69","Reprovado"
206,"Aluno 42","Matéria 7","Professor 9","2025-03-13","Difícil","28.78","Reprovado"
207,"Aluno 42","Matéria 10","Professor 5","2025-03-13","Fácil","52.55","Reprovado"
208,"Aluno 42","Matéria 3","Professor 8","2025-03-13","Médio","76.16","Aprovado"
209,"Aluno 42","Matéria 6","Professor 4","2025-03-13","Fácil","99.88","Aprovado"
210,"Aluno 42","Matéria 4","Professor 10","2025-03-13","Médio","60.33","Reprovado"
211,"Aluno 43","Matéria 10","Professor 9","2025-03-13","Fácil","58.55","Reprovado"
212,"Aluno 43","Matéria 6","Professor 8","2025-03-13","Difícil","38.97","Reprovado"
213,"Aluno 43","Matéria 1","Professor 7","2025-03-13","Difícil","54.50","Reprovado"
214,"Aluno 43","Matéria 5","Professor 1","2025-03-13","Fácil","64.29","Reprovado"
215,"Aluno 43","Matéria 4","Professor 2","2025-03-13","Fácil","9.44","Reprovado"
216,"Aluno 44","Matéria 3","Professor 9","2025-03-13","Fácil","17.29","Reprovado"
217,"Aluno 44","Matéria 5","Professor 6","2025-03-13","Difícil","59.21","Reprovado"
218,"Aluno 44","Matéria 1","Professor 5","2025-03-13","Difícil","23.82","Reprovado"
219,"Aluno 44","Matéria 4","Professor 6","2025-03-13","Fácil","80.52","Aprovado"
220,"Aluno 44","Matéria 5","Professor 9","2025-03-13","Fácil","82.71","Aprovado"
221,"Aluno 45","Matéria 1","Professor 4","2025-03-13","Difícil","52.83","Reprovado"
222,"Aluno 45","Matéria 6","Professor 6","2025-03-13","Difícil","56.78","Reprovado"
223,"Aluno 45","Matéria 3","Professor 7","2025-03-13","Médio","82.53","Aprovado"
224,"Aluno 45","Matéria 4","Professor 2","2025-03-13","Difícil","36.72","Reprovado"
225,"Aluno 45","Matéria 4","Professor 9","2025-03-13","Médio","76.26","Aprovado"
226,"Aluno 46","Matéria 5","Professor 10","2025-03-13","Médio","90.36","Aprovado"
227,"Aluno 46","Matéria 5","Professor 2","2025-03-13","Médio","37.95","Reprovado"
228,"Aluno 46","Matéria 10","Professor 6","2025-03-13","Médio","65.20","Reprovado"
229,"Aluno 46","Matéria 2","Professor 2","2025-03-13","Médio","44.46","Reprovado"
230,"Aluno 46","Matéria 6","Professor 1","2025-03-13","Médio","96.35","Aprovado"
231,"Aluno 47","Matéria 6","Professor 6","2025-03-13","Difícil","39.27","Reprovado"
232,"Aluno 47","Matéria 6","Professor 6","2025-03-13","Fácil","7.13","Reprovado"
233,"Aluno 47","Matéria 6","Professor 10","2025-03-13","Difícil","47.74","Reprovado"
234,"Aluno 47","Matéria 1","Professor 1","2025-03-13","Fácil","44.75","Reprovado"
235,"Aluno 47","Matéria 8","Professor 1","2025-03-13","Médio","66.32","Reprovado"
236,"Aluno 48","Matéria 7","Professor 6","2025-03-13","Médio","39.45","Reprovado"
237,"Aluno 48","Matéria 8","Professor 3","2025-03-13","Difícil","18.41","Reprovado"
238,"Aluno 48","Matéria 5","Professor 7","2025-03-13","Fácil","38.92","Reprovado"
239,"Aluno 48","Matéria 8","Professor 7","2025-03-13","Médio","24.06","Reprovado"
240,"Aluno 48","Matéria 4","Professor 10","2025-03-13","Médio","90.25","Aprovado"
241,"Aluno 49","Matéria 3","Professor 2","2025-03-13","Fácil","50.40","Reprovado"
242,"Aluno 49","Matéria 6","Professor 2","2025-03-13","Médio","81.99","Aprovado"
243,"Aluno 49","Matéria 8","Professor 3","2025-03-13","Difícil","36.65","Reprovado"
244,"Aluno 49","Matéria 4","Professor 8","2025-03-13","Difícil","45.47","Reprovado"
245,"Aluno 49","Matéria 4","Professor 8","2025-03-13","Difícil","71.06","Aprovado"
246,"Aluno 50","Matéria 7","Professor 6","2025-03-13","Difícil","67.04","Reprovado"
247,"Aluno 50","Matéria 8","Professor 3","2025-03-13","Difícil","15.27","Reprovado"
248,"Aluno 50","Matéria 8","Professor 9","2025-03-13","Difícil","86.51","Aprovado"
249,"Aluno 50","Matéria 2","Professor 7","2025-03-13","Difícil","60.38","Reprovado"
250,"Aluno 50","Matéria 4","Professor 2","2025-03-13","Médio","52.45","Reprovado"
251,"Aluno 51","Matéria 10","Professor 10","2025-03-13","Fácil","76.67","Aprovado"
252,"Aluno 51","Matéria 6","Professor 3","2025-03-13","Difícil","60.49","Reprovado"
253,"Aluno 51","Matéria 7","Professor 3","2025-03-13","Médio","16.18","Reprovado"
254,"Aluno 51","Matéria 6","Professor 1","2025-03-13","Difícil","63.62","Reprovado"
255,"Aluno 51","Matéria 5","Professor 3","2025-03-13","Fácil","81.14","Aprovado"
256,"Aluno 52","Matéria 9","Professor 3","2025-03-13","Difícil","64.64","Reprovado"
257,"Aluno 52","Matéria 2","Professor 10","2025-03-13","Fácil","71.80","Aprovado"
258,"Aluno 52","Matéria 5","Professor 9","2025-03-13","Difícil","7.08","Reprovado"
259,"Aluno 52","Matéria 7","Professor 5","2025-03-13","Médio","66.91","Reprovado"
260,"Aluno 52","Matéria 8","Professor 2","2025-03-13","Difícil","36.30","Reprovado"
261,"Aluno 53","Matéria 7","Professor 10","2025-03-13","Difícil","92.67","Aprovado"
262,"Aluno 53","Matéria 6","Professor 9","2025-03-13","Médio","0.76","Reprovado"
263,"Aluno 53","Matéria 10","Professor 5","2025-03-13","Médio","2.50","Reprovado"
264,"Aluno 53","Matéria 7","Professor 4","2025-03-13","Difícil","89.04","Aprovado"
265,"Aluno 53","Matéria 3","Professor 4","2025-03-13","Fácil","46.19","Reprovado"
266,"Aluno 54","Matéria 1","Professor 8","2025-03-13","Médio","92.20","Aprovado"
267,"Aluno 54","Matéria 1","Professor 8","2025-03-13","Difícil","21.02","Reprovado"
268,"Aluno 54","Matéria 5","Professor 3","2025-03-13","Difícil","43.86","Reprovado"
269,"Aluno 54","Matéria 10","Professor 1","2025-03-13","Médio","81.17","Aprovado"
270,"Aluno 54","Matéria 10","Professor 10","2025-03-13","Médio","33.92","Reprovado"
271,"Aluno 55","Matéria 3","Professor 10","2025-03-13","Médio","52.99","Reprovado"
272,"Aluno 55","Matéria 10","Professor 8","2025-03-13","Difícil","90.68","Aprovado"
273,"Aluno 55","Matéria 6","Professor 1","2025-03-13","Médio","88.46","Aprovado"
274,"Aluno 55","Matéria 4","Professor 2","2025-03-13","Fácil","54.88","Reprovado"
275,"Aluno 55","Matéria 3","Professor 10","2025-03-13","Fácil","47.69","Reprovado"
276,"Aluno 56","Matéria 7","Professor 10","2025-03-13","Médio","43.55","Reprovado"
277,"Aluno 56","Matéria 4","Professor 2","2025-03-13","Fácil","36.30","Reprovado"
278,"Aluno 56","Matéria 5","Professor 10","2025-03-13","Difícil","90.89","Aprovado"
279,"Aluno 56","Matéria 2","Professor 2","2025-03-13","Fácil","1.57","Reprovado"
280,"Aluno 56","Matéria 2","Professor 1","2025-03-13","Difícil","15.52","Reprovado"
281,"Aluno 57","Matéria 4","Professor 2","2025-03-13","Difícil","35.55","Reprovado"
282,"Aluno 57","Matéria 4","Professor 8","2025-03-13","Difícil","26.48","Reprovado"
283,"Aluno 57","Matéria 5","Professor 2","2025-03-13","Médio","14.20","Reprovado"
284,"Aluno 57","Matéria 4","Professor 5","2025-03-13","Médio","71.90","Aprovado"
285,"Aluno 57","Matéria 4","Professor 4","2025-03-13","Difícil","47.66","Reprovado"
286,"Aluno 58","Matéria 1","Professor 10","2025-03-13","Fácil","10.86","Reprovado"
287,"Aluno 58","Matéria 10","Professor 8","2025-03-13","Fácil","49.42","Reprovado"
288,"Aluno 58","Matéria 6","Professor 2","2025-03-13","Médio","23.04","Reprovado"
289,"Aluno 58","Matéria 6","Professor 5","2025-03-13","Fácil","51.01","Reprovado"
290,"Aluno 58","Matéria 6","Professor 7","2025-03-13","Difícil","10.45","Reprovado"
291,"Aluno 59","Matéria 5","Professor 8","2025-03-13","Médio","63.87","Reprovado"
292,"Aluno 59","Matéria 7","Professor 9","2025-03-13","Difícil","90.35","Aprovado"
293,"Aluno 59","Matéria 7","Professor 10","2025-03-13","Médio","82.70","Aprovado"
294,"Aluno 59","Matéria 7","Professor 10","2025-03-13","Médio","35.16","Reprovado"
295,"Aluno 59","Matéria 6","Professor 5","2025-03-13","Fácil","3.90","Reprovado"
296,"Aluno 60","Matéria 10","Professor 7","2025-03-13","Difícil","71.30","Aprovado"
297,"Aluno 60","Matéria 10","Professor 3","2025-03-13","Fácil","16.81","Reprovado"
298,"Aluno 60","Matéria 6","Professor 5","2025-03-13","Difícil","72.07","Aprovado"
299,"Aluno 60","Matéria 1","Professor 4","2025-03-13","Difícil","9.79","Reprovado"
300,"Aluno 60","Matéria 7","Professor 1","2025-03-13","Fácil","31.58","Reprovado"
301,"Aluno 61","Matéria 9","Professor 2","2025-03-13","Médio","45.08","Reprovado"
302,"Aluno 61","Matéria 8","Professor 7","2025-03-13","Médio","47.73","Reprovado"
303,"Aluno 61","Matéria 10","Professor 4","2025-03-13","Difícil","98.03","Aprovado"
304,"Aluno 61","Matéria 4","Professor 3","2025-03-13","Fácil","52.83","Reprovado"
305,"Aluno 61","Matéria 7","Professor 8","2025-03-13","Fácil","56.28","Reprovado"
306,"Aluno 62","Matéria 7","Professor 7","2025-03-13","Fácil","70.96","Aprovado"
307,"Aluno 62","Matéria 1","Professor 5","2025-03-13","Médio","64.02","Reprovado"
308,"Aluno 62","Matéria 9","Professor 10","2025-03-13","Difícil","15.86","Reprovado"
309,"Aluno 62","Matéria 3","Professor 9","2025-03-13","Difícil","0.87","Reprovado"
310,"Aluno 62","Matéria 1","Professor 3","2025-03-13","Médio","22.60","Reprovado"
311,"Aluno 63","Matéria 3","Professor 9","2025-03-13","Fácil","40.01","Reprovado"
312,"Aluno 63","Matéria 2","Professor 1","2025-03-13","Fácil","10.70","Reprovado"
313,"Aluno 63","Matéria 3","Professor 9","2025-03-13","Fácil","12.74","Reprovado"
314,"Aluno 63","Matéria 1","Professor 8","2025-03-13","Difícil","34.06","Reprovado"
315,"Aluno 63","Matéria 8","Professor 2","2025-03-13","Médio","93.58","Aprovado"
316,"Aluno 64","Matéria 9","Professor 4","2025-03-13","Médio","81.73","Aprovado"
317,"Aluno 64","Matéria 9","Professor 7","2025-03-13","Médio","36.50","Reprovado"
318,"Aluno 64","Matéria 2","Professor 7","2025-03-13","Médio","23.56","Reprovado"
319,"Aluno 64","Matéria 5","Professor 3","2025-03-13","Difícil","63.52","Reprovado"
320,"Aluno 64","Matéria 1","Professor 3","2025-03-13","Médio","19.43","Reprovado"
321,"Aluno 65","Matéria 8","Professor 7","2025-03-13","Fácil","59.00","Reprovado"
322,"Aluno 65","Matéria 5","Professor 6","2025-03-13","Fácil","37.24","Reprovado"
323,"Aluno 65","Matéria 10","Professor 9","2025-03-13","Médio","76.36","Aprovado"
324,"Aluno 65","Matéria 6","Professor 5","2025-03-13","Difícil","30.89","Reprovado"
325,"Aluno 65","Matéria 1","Professor 5","2025-03-13","Fácil","5.97","Reprovado"
326,"Aluno 66","Matéria 10","Professor 1","2025-03-13","Médio","74.51","Aprovado"
327,"Aluno 66","Matéria 1","Professor 4","2025-03-13","Fácil","24.57","Reprovado"
328,"Aluno 66","Matéria 6","Professor 1","2025-03-13","Médio","45.22","Reprovado"
329,"Aluno 66","Matéria 6","Professor 10","2025-03-13","Médio","62.06","Reprovado"
330,"Aluno 66","Matéria 7","Professor 2","2025-03-13","Difícil","84.21","Aprovado"
331,"Aluno 67","Matéria 6","Professor 1","2025-03-13","Médio","23.39","Reprovado"
332,"Aluno 67","Matéria 8","Professor 7","2025-03-13","Fácil","12.19","Reprovado"
333,"Aluno 67","Matéria 5","Professor 10","2025-03-13","Difícil","29.28","Reprovado"
334,"Aluno 67","Matéria 7","Professor 8","2025-03-13","Médio","16.22","Reprovado"
335,"Aluno 67","Matéria 5","Professor 3","2025-03-13","Fácil","33.74","Reprovado"
336,"Aluno 68","Matéria 10","Professor 3","2025-03-13","Difícil","7.56","Reprovado"
337,"Aluno 68","Matéria 5","Professor 1","2025-03-13","Fácil","27.00","Reprovado"
338,"Aluno 68","Matéria 5","Professor 1","2025-03-13","Fácil","96.89","Aprovado"
339,"Aluno 68","Matéria 1","Professor 1","2025-03-13","Médio","26.22","Reprovado"
340,"Aluno 68","Matéria 7","Professor 10","2025-03-13","Fácil","68.62","Reprovado"
341,"Aluno 69","Matéria 1","Professor 8","2025-03-13","Fácil","25.40","Reprovado"
342,"Aluno 69","Matéria 2","Professor 9","2025-03-13","Fácil","92.77","Aprovado"
343,"Aluno 69","Matéria 8","Professor 3","2025-03-13","Médio","17.08","Reprovado"
344,"Aluno 69","Matéria 4","Professor 5","2025-03-13","Fácil","68.40","Reprovado"
345,"Aluno 69","Matéria 1","Professor 7","2025-03-13","Médio","25.56","Reprovado"
346,"Aluno 70","Matéria 6","Professor 3","2025-03-13","Médio","54.70","Reprovado"
347,"Aluno 70","Matéria 1","Professor 4","2025-03-13","Difícil","12.53","Reprovado"
348,"Aluno 70","Matéria 6","Professor 2","2025-03-13","Fácil","76.08","Aprovado"
349,"Aluno 70","Matéria 6","Professor 6","2025-03-13","Médio","56.07","Reprovado"
350,"Aluno 70","Matéria 9","Professor 5","2025-03-13","Médio","77.52","Aprovado"
351,"Aluno 71","Matéria 7","Professor 1","2025-03-13","Médio","70.30","Aprovado"
352,"Aluno 71","Matéria 4","Professor 10","2025-03-13","Difícil","9.50","Reprovado"
353,"Aluno 71","Matéria 9","Professor 10","2025-03-13","Difícil","93.41","Aprovado"
354,"Aluno 71","Matéria 2","Professor 4","2025-03-13","Médio","24.65","Reprovado"
355,"Aluno 71","Matéria 9","Professor 5","2025-03-13","Médio","59.73","Reprovado"
356,"Aluno 72","Matéria 7","Professor 7","2025-03-13","Fácil","96.69","Aprovado"
357,"Aluno 72","Matéria 3","Professor 5","2025-03-13","Fácil","65.12","Reprovado"
358,"Aluno 72","Matéria 4","Professor 8","2025-03-13","Difícil","93.43","Aprovado"
359,"Aluno 72","Matéria 8","Professor 9","2025-03-13","Difícil","23.03","Reprovado"
360,"Aluno 72","Matéria 6","Professor 3","2025-03-13","Fácil","11.28","Reprovado"
361,"Aluno 73","Matéria 4","Professor 9","2025-03-13","Médio","71.35","Aprovado"
362,"Aluno 73","Matéria 1","Professor 6","2025-03-13","Médio","46.61","Reprovado"
363,"Aluno 73","Matéria 6","Professor 1","2025-03-13","Médio","0.32","Reprovado"
364,"Aluno 73","Matéria 5","Professor 10","2025-03-13","Médio","77.98","Aprovado"
365,"Aluno 73","Matéria 7","Professor 6","2025-03-13","Fácil","94.11","Aprovado"
366,"Aluno 74","Matéria 5","Professor 4","2025-03-13","Fácil","15.70","Reprovado"
367,"Aluno 74","Matéria 10","Professor 9","2025-03-13","Difícil","20.75","Reprovado"
368,"Aluno 74","Matéria 3","Professor 8","2025-03-13","Fácil","79.17","Aprovado"
369,"Aluno 74","Matéria 8","Professor 3","2025-03-13","Difícil","1.75","Reprovado"
370,"Aluno 74","Matéria 6","Professor 10","2025-03-13","Médio","50.98","Reprovado"
371,"Aluno 75","Matéria 10","Professor 6","2025-03-13","Médio","21.01","Reprovado"
372,"Aluno 75","Matéria 7","Professor 3","2025-03-13","Difícil","18.89","Reprovado"
373,"Aluno 75","Matéria 4","Professor 5","2025-03-13","Fácil","67.76","Reprovado"
374,"Aluno 75","Matéria 6","Professor 9","2025-03-13","Médio","25.55","Reprovado"
375,"Aluno 75","Matéria 8","Professor 5","2025-03-13","Fácil","57.33","Reprovado"
376,"Aluno 76","Matéria 7","Professor 10","2025-03-13","Médio","53.71","Reprovado"
377,"Aluno 76","Matéria 4","Professor 4","2025-03-13","Difícil","98.68","Aprovado"
378,"Aluno 76","Matéria 4","Professor 1","2025-03-13","Difícil","30.58","Reprovado"
379,"Aluno 76","Matéria 9","Professor 5","2025-03-13","Médio","39.57","Reprovado"
380,"Aluno 76","Matéria 4","Professor 9","2025-03-13","Fácil","62.19","Reprovado"
381,"Aluno 77","Matéria 8","Professor 7","2025-03-13","Difícil","25.95","Reprovado"
382,"Aluno 77","Matéria 8","Professor 5","2025-03-13","Médio","63.52","Reprovado"
383,"Aluno 77","Matéria 4","Professor 3","2025-03-13","Difícil","33.93","Reprovado"
384,"Aluno 77","Matéria 6","Professor 3","2025-03-13","Médio","49.36","Reprovado"
385,"Aluno 77","Matéria 4","Professor 9","2025-03-13","Difícil","69.49","Reprovado"
386,"Aluno 78","Matéria 7","Professor 2","2025-03-13","Difícil","0.64","Reprovado"
387,"Aluno 78","Matéria 6","Professor 9","2025-03-13","Médio","98.18","Aprovado"
388,"Aluno 78","Matéria 7","Professor 7","2025-03-13","Médio","75.22","Aprovado"
389,"Aluno 78","Matéria 7","Professor 5","2025-03-13","Médio","34.46","Reprovado"
390,"Aluno 78","Matéria 5","Professor 7","2025-03-13","Médio","28.65","Reprovado"
391,"Aluno 79","Matéria 2","Professor 4","2025-03-13","Fácil","76.59","Aprovado"
392,"Aluno 79","Matéria 6","Professor 10","2025-03-13","Médio","92.19","Aprovado"
393,"Aluno 79","Matéria 8","Professor 2","2025-03-13","Médio","81.78","Aprovado"
394,"Aluno 79","Matéria 8","Professor 8","2025-03-13","Difícil","45.28","Reprovado"
395,"Aluno 79","Matéria 4","Professor 5","2025-03-13","Médio","22.34","Reprovado"
396,"Aluno 80","Matéria 5","Professor 1","2025-03-13","Médio","39.72","Reprovado"
397,"Aluno 80","Matéria 2","Professor 5","2025-03-13","Médio","69.74","Reprovado"
398,"Aluno 80","Matéria 1","Professor 6","2025-03-13","Difícil","57.35","Reprovado"
399,"Aluno 80","Matéria 5","Professor 5","2025-03-13","Fácil","13.97","Reprovado"
400,"Aluno 80","Matéria 6","Professor 5","2025-03-13","Fácil","7.19","Reprovado"
401,"Aluno 81","Matéria 1","Professor 1","2025-03-13","Difícil","62.28","Reprovado"
402,"Aluno 81","Matéria 1","Professor 8","2025-03-13","Difícil","68.85","Reprovado"
403,"Aluno 81","Matéria 10","Professor 3","2025-03-13","Difícil","58.78","Reprovado"
404,"Aluno 81","Matéria 10","Professor 8","2025-03-13","Médio","88.33","Aprovado"
405,"Aluno 81","Matéria 10","Professor 5","2025-03-13","Fácil","96.18","Aprovado"
406,"Aluno 82","Matéria 4","Professor 4","2025-03-13","Fácil","14.82","Reprovado"
407,"Aluno 82","Matéria 6","Professor 2","2025-03-13","Fácil","86.41","Aprovado"
408,"Aluno 82","Matéria 10","Professor 7","2025-03-13","Fácil","75.65","Aprovado"
409,"Aluno 82","Matéria 8","Professor 8","2025-03-13","Fácil","14.99","Reprovado"
410,"Aluno 82","Matéria 4","Professor 6","2025-03-13","Fácil","34.61","Reprovado"
411,"Aluno 83","Matéria 1","Professor 4","2025-03-13","Difícil","82.08","Aprovado"
412,"Aluno 83","Matéria 7","Professor 2","2025-03-13","Médio","39.95","Reprovado"
413,"Aluno 83","Matéria 6","Professor 3","2025-03-13","Médio","9.74","Reprovado"
414,"Aluno 83","Matéria 9","Professor 3","2025-03-13","Fácil","0.07","Reprovado"
415,"Aluno 83","Matéria 4","Professor 3","2025-03-13","Difícil","93.00","Aprovado"
416,"Aluno 84","Matéria 10","Professor 7","2025-03-13","Médio","90.02","Aprovado"
417,"Aluno 84","Matéria 5","Professor 4","2025-03-13","Médio","87.35","Aprovado"
418,"Aluno 84","Matéria 10","Professor 9","2025-03-13","Difícil","12.60","Reprovado"
419,"Aluno 84","Matéria 3","Professor 5","2025-03-13","Difícil","98.61","Aprovado"
420,"Aluno 84","Matéria 6","Professor 2","2025-03-13","Difícil","79.08","Aprovado"
421,"Aluno 85","Matéria 7","Professor 7","2025-03-13","Médio","81.13","Aprovado"
422,"Aluno 85","Matéria 8","Professor 4","2025-03-13","Difícil","38.23","Reprovado"
423,"Aluno 85","Matéria 1","Professor 10","2025-03-13","Fácil","85.48","Aprovado"
424,"Aluno 85","Matéria 9","Professor 8","2025-03-13","Fácil","34.49","Reprovado"
425,"Aluno 85","Matéria 4","Professor 2","2025-03-13","Médio","2.96","Reprovado"
426,"Aluno 86","Matéria 7","Professor 8","2025-03-13","Difícil","82.66","Aprovado"
427,"Aluno 86","Matéria 5","Professor 2","2025-03-13","Difícil","82.44","Aprovado"
428,"Aluno 86","Matéria 2","Professor 8","2025-03-13","Difícil","90.60","Aprovado"
429,"Aluno 86","Matéria 5","Professor 9","2025-03-13","Difícil","36.22","Reprovado"
430,"Aluno 86","Matéria 1","Professor 10","2025-03-13","Fácil","21.95","Reprovado"
431,"Aluno 87","Matéria 3","Professor 10","2025-03-13","Difícil","18.35","Reprovado"
432,"Aluno 87","Matéria 8","Professor 8","2025-03-13","Médio","65.89","Reprovado"
433,"Aluno 87","Matéria 8","Professor 5","2025-03-13","Médio","65.06","Reprovado"
434,"Aluno 87","Matéria 1","Professor 4","2025-03-13","Médio","8.35","Reprovado"
435,"Aluno 87","Matéria 7","Professor 10","2025-03-13","Fácil","63.09","Reprovado"
436,"Aluno 88","Matéria 6","Professor 7","2025-03-13","Fácil","25.75","Reprovado"
437,"Aluno 88","Matéria 6","Professor 4","2025-03-13","Médio","63.57","Reprovado"
438,"Aluno 88","Matéria 4","Professor 9","2025-03-13","Fácil","78.61","Aprovado"
439,"Aluno 88","Matéria 7","Professor 10","2025-03-13","Médio","49.78","Reprovado"
440,"Aluno 88","Matéria 9","Professor 2","2025-03-13","Fácil","22.65","Reprovado"
441,"Aluno 89","Matéria 1","Professor 3","2025-03-13","Difícil","35.69","Reprovado"
442,"Aluno 89","Matéria 5","Professor 10","2025-03-13","Difícil","98.16","Aprovado"
443,"Aluno 89","Matéria 4","Professor 2","2025-03-13","Médio","46.93","Reprovado"
444,"Aluno 89","Matéria 10","Professor 9","2025-03-13","Difícil","41.41","Reprovado"
445,"Aluno 89","Matéria 4","Professor 1","2025-03-13","Médio","23.91","Reprovado"
446,"Aluno 90","Matéria 3","Professor 8","2025-03-13","Difícil","45.93","Reprovado"
447,"Aluno 90","Matéria 9","Professor 1","2025-03-13","Médio","7.72","Reprovado"
448,"Aluno 90","Matéria 5","Professor 8","2025-03-13","Médio","69.90","Reprovado"
449,"Aluno 90","Matéria 2","Professor 10","2025-03-13","Médio","92.11","Aprovado"
450,"Aluno 90","Matéria 3","Professor 1","2025-03-13","Fácil","92.14","Aprovado"
451,"Aluno 91","Matéria 9","Professor 3","2025-03-13","Médio","94.53","Aprovado"
452,"Aluno 91","Matéria 7","Professor 4","2025-03-13","Difícil","10.83","Reprovado"
453,"Aluno 91","Matéria 1","Professor 6","2025-03-13","Médio","9.66","Reprovado"
454,"Aluno 91","Matéria 5","Professor 8","2025-03-13","Difícil","93.93","Aprovado"
455,"Aluno 91","Matéria 6","Professor 7","2025-03-13","Difícil","0.35","Reprovado"
456,"Aluno 92","Matéria 1","Professor 9","2025-03-13","Difícil","8.47","Reprovado"
457,"Aluno 92","Matéria 6","Professor 3","2025-03-13","Fácil","93.13","Aprovado"
458,"Aluno 92","Matéria 10","Professor 8","2025-03-13","Fácil","80.48","Aprovado"
459,"Aluno 92","Matéria 4","Professor 9","2025-03-13","Difícil","49.21","Reprovado"
460,"Aluno 92","Matéria 6","Professor 1","2025-03-13","Fácil","99.07","Aprovado"
461,"Aluno 93","Matéria 5","Professor 6","2025-03-13","Difícil","43.18","Reprovado"
462,"Aluno 93","Matéria 1","Professor 6","2025-03-13","Difícil","42.10","Reprovado"
463,"Aluno 93","Matéria 9","Professor 10","2025-03-13","Difícil","18.12","Reprovado"
464,"Aluno 93","Matéria 4","Professor 7","2025-03-13","Difícil","50.42","Reprovado"
465,"Aluno 93","Matéria 5","Professor 10","2025-03-13","Difícil","45.77","Reprovado"
466,"Aluno 94","Matéria 1","Professor 5","2025-03-13","Médio","94.91","Aprovado"
467,"Aluno 94","Matéria 6","Professor 6","2025-03-13","Difícil","9.04","Reprovado"
468,"Aluno 94","Matéria 10","Professor 4","2025-03-13","Fácil","69.45","Reprovado"
469,"Aluno 94","Matéria 2","Professor 4","2025-03-13","Difícil","49.07","Reprovado"
470,"Aluno 94","Matéria 10","Professor 2","2025-03-13","Fácil","24.66","Reprovado"
471,"Aluno 95","Matéria 10","Professor 10","2025-03-13","Difícil","73.48","Aprovado"
472,"Aluno 95","Matéria 9","Professor 5","2025-03-13","Fácil","53.41","Reprovado"
473,"Aluno 95","Matéria 6","Professor 6","2025-03-13","Difícil","29.23","Reprovado"
474,"Aluno 95","Matéria 2","Professor 10","2025-03-13","Médio","26.79","Reprovado"
475,"Aluno 95","Matéria 7","Professor 6","2025-03-13","Fácil","2.57","Reprovado"
476,"Aluno 96","Matéria 6","Professor 10","2025-03-13","Fácil","0.57","Reprovado"
477,"Aluno 96","Matéria 1","Professor 7","2025-03-13","Médio","49.26","Reprovado"
478,"Aluno 96","Matéria 9","Professor 4","2025-03-13","Fácil","81.42","Aprovado"
479,"Aluno 96","Matéria 1","Professor 4","2025-03-13","Fácil","36.60","Reprovado"
480,"Aluno 96","Matéria 8","Professor 10","2025-03-13","Difícil","24.40","Reprovado"
481,"Aluno 97","Matéria 6","Professor 4","2025-03-13","Fácil","12.43","Reprovado"
482,"Aluno 97","Matéria 8","Professor 10","2025-03-13","Difícil","50.46","Reprovado"
483,"Aluno 97","Matéria 6","Professor 5","2025-03-13","Difícil","35.14","Reprovado"
484,"Aluno 97","Matéria 1","Professor 1","2025-03-13","Difícil","67.54","Reprovado"
485,"Aluno 97","Matéria 6","Professor 1","2025-03-13","Difícil","75.29","Aprovado"
486,"Aluno 98","Matéria 2","Professor 3","2025-03-13","Difícil","78.58","Aprovado"
487,"Aluno 98","Matéria 2","Professor 10","2025-03-13","Fácil","63.84","Reprovado"
488,"Aluno 98","Matéria 3","Professor 5","2025-03-13","Médio","42.30","Reprovado"
489,"Aluno 98","Matéria 3","Professor 6","2025-03-13","Fácil","27.64","Reprovado"
490,"Aluno 98","Matéria 1","Professor 2","2025-03-13","Médio","29.83","Reprovado"
491,"Aluno 99","Matéria 2","Professor 2","2025-03-13","Difícil","90.38","Aprovado"
492,"Aluno 99","Matéria 5","Professor 10","2025-03-13","Médio","17.43","Reprovado"
493,"Aluno 99","Matéria 7","Professor 9","2025-03-13","Fácil","29.50","Reprovado"
494,"Aluno 99","Matéria 6","Professor 7","2025-03-13","Médio","14.88","Reprovado"
495,"Aluno 99","Matéria 7","Professor 7","2025-03-13","Médio","75.80","Aprovado"
496,"Aluno 100","Matéria 5","Professor 10","2025-03-13","Difícil","38.37","Reprovado"
497,"Aluno 100","Matéria 3","Professor 7","2025-03-13","Médio","7.06","Reprovado"
498,"Aluno 100","Matéria 9","Professor 3","2025-03-13","Médio","25.28","Reprovado"
499,"Aluno 100","Matéria 10","Professor 9","2025-03-13","Fácil","72.79","Aprovado"
500,"Aluno 100","Matéria 10","Professor 10","2025-03-13","Fácil","4.37","Reprovado"
501,"Aluno 101","Matéria 2","Professor 8","2025-03-13","Fácil","11.66","Reprovado"
502,"Aluno 101","Matéria 3","Professor 3","2025-03-13","Difícil","88.84","Aprovado"
503,"Aluno 101","Matéria 7","Professor 8","2025-03-13","Fácil","73.96","Aprovado"
504,"Aluno 101","Matéria 8","Professor 1","2025-03-13","Difícil","75.06","Aprovado"
505,"Aluno 101","Matéria 7","Professor 1","2025-03-13","Médio","40.42","Reprovado"
506,"Aluno 102","Matéria 9","Professor 2","2025-03-13","Médio","43.90","Reprovado"
507,"Aluno 102","Matéria 8","Professor 5","2025-03-13","Difícil","100.00","Aprovado"
508,"Aluno 102","Matéria 2","Professor 4","2025-03-13","Médio","63.09","Reprovado"
509,"Aluno 102","Matéria 6","Professor 7","2025-03-13","Fácil","87.34","Aprovado"
510,"Aluno 102","Matéria 10","Professor 8","2025-03-13","Médio","4.91","Reprovado"
511,"Aluno 103","Matéria 6","Professor 5","2025-03-13","Médio","28.24","Reprovado"
512,"Aluno 103","Matéria 8","Professor 6","2025-03-13","Difícil","6.00","Reprovado"
513,"Aluno 103","Matéria 8","Professor 9","2025-03-13","Difícil","26.73","Reprovado"
514,"Aluno 103","Matéria 1","Professor 1","2025-03-13","Médio","63.03","Reprovado"
515,"Aluno 103","Matéria 1","Professor 4","2025-03-13","Médio","72.67","Aprovado"
516,"Aluno 104","Matéria 5","Professor 9","2025-03-13","Difícil","37.76","Reprovado"
517,"Aluno 104","Matéria 4","Professor 3","2025-03-13","Difícil","26.19","Reprovado"
518,"Aluno 104","Matéria 9","Professor 2","2025-03-13","Médio","2.18","Reprovado"
519,"Aluno 104","Matéria 8","Professor 7","2025-03-13","Fácil","74.07","Aprovado"
520,"Aluno 104","Matéria 9","Professor 5","2025-03-13","Difícil","22.74","Reprovado"
521,"Aluno 105","Matéria 1","Professor 3","2025-03-13","Fácil","88.58","Aprovado"
522,"Aluno 105","Matéria 4","Professor 7","2025-03-13","Difícil","19.51","Reprovado"
523,"Aluno 105","Matéria 1","Professor 7","2025-03-13","Fácil","66.07","Reprovado"
524,"Aluno 105","Matéria 7","Professor 10","2025-03-13","Fácil","92.61","Aprovado"
525,"Aluno 105","Matéria 9","Professor 1","2025-03-13","Fácil","1.69","Reprovado"
526,"Aluno 106","Matéria 1","Professor 10","2025-03-13","Fácil","37.59","Reprovado"
527,"Aluno 106","Matéria 2","Professor 1","2025-03-13","Médio","72.61","Aprovado"
528,"Aluno 106","Matéria 2","Professor 2","2025-03-13","Médio","82.99","Aprovado"
529,"Aluno 106","Matéria 5","Professor 5","2025-03-13","Difícil","3.59","Reprovado"
530,"Aluno 106","Matéria 5","Professor 2","2025-03-13","Fácil","54.65","Reprovado"
531,"Aluno 107","Matéria 6","Professor 9","2025-03-13","Médio","28.19","Reprovado"
532,"Aluno 107","Matéria 8","Professor 6","2025-03-13","Difícil","32.74","Reprovado"
533,"Aluno 107","Matéria 1","Professor 7","2025-03-13","Difícil","36.35","Reprovado"
534,"Aluno 107","Matéria 3","Professor 3","2025-03-13","Difícil","56.27","Reprovado"
535,"Aluno 107","Matéria 6","Professor 7","2025-03-13","Difícil","92.25","Aprovado"
536,"Aluno 108","Matéria 5","Professor 8","2025-03-13","Fácil","67.09","Reprovado"
537,"Aluno 108","Matéria 2","Professor 1","2025-03-13","Difícil","60.66","Reprovado"
538,"Aluno 108","Matéria 7","Professor 4","2025-03-13","Fácil","91.99","Aprovado"
539,"Aluno 108","Matéria 4","Professor 4","2025-03-13","Fácil","85.50","Aprovado"
540,"Aluno 108","Matéria 1","Professor 2","2025-03-13","Médio","9.73","Reprovado"
541,"Aluno 109","Matéria 9","Professor 6","2025-03-13","Médio","45.57","Reprovado"
542,"Aluno 109","Matéria 4","Professor 4","2025-03-13","Fácil","90.20","Aprovado"
543,"Aluno 109","Matéria 9","Professor 10","2025-03-13","Médio","64.98","Reprovado"
544,"Aluno 109","Matéria 6","Professor 1","2025-03-13","Fácil","66.62","Reprovado"
545,"Aluno 109","Matéria 8","Professor 5","2025-03-13","Difícil","51.61","Reprovado"
546,"Aluno 110","Matéria 10","Professor 4","2025-03-13","Médio","16.28","Reprovado"
547,"Aluno 110","Matéria 2","Professor 7","2025-03-13","Fácil","70.61","Aprovado"
548,"Aluno 110","Matéria 10","Professor 2","2025-03-13","Médio","77.42","Aprovado"
549,"Aluno 110","Matéria 9","Professor 5","2025-03-13","Difícil","75.07","Aprovado"
550,"Aluno 110","Matéria 10","Professor 2","2025-03-13","Médio","75.71","Aprovado"
551,"Aluno 111","Matéria 8","Professor 6","2025-03-13","Fácil","63.03","Reprovado"
552,"Aluno 111","Matéria 4","Professor 9","2025-03-13","Médio","66.64","Reprovado"
553,"Aluno 111","Matéria 6","Professor 1","2025-03-13","Fácil","64.16","Reprovado"
554,"Aluno 111","Matéria 4","Professor 3","2025-03-13","Fácil","82.40","Aprovado"
555,"Aluno 111","Matéria 8","Professor 10","2025-03-13","Fácil","54.17","Reprovado"
556,"Aluno 112","Matéria 6","Professor 4","2025-03-13","Médio","34.28","Reprovado"
557,"Aluno 112","Matéria 5","Professor 7","2025-03-13","Fácil","22.76","Reprovado"
558,"Aluno 112","Matéria 7","Professor 5","2025-03-13","Difícil","31.74","Reprovado"
559,"Aluno 112","Matéria 3","Professor 5","2025-03-13","Difícil","82.26","Aprovado"
560,"Aluno 112","Matéria 5","Professor 2","2025-03-13","Fácil","24.89","Reprovado"
561,"Aluno 113","Matéria 2","Professor 10","2025-03-13","Fácil","8.23","Reprovado"
562,"Aluno 113","Matéria 9","Professor 9","2025-03-13","Médio","46.94","Reprovado"
563,"Aluno 113","Matéria 4","Professor 1","2025-03-13","Difícil","46.40","Reprovado"
564,"Aluno 113","Matéria 4","Professor 4","2025-03-13","Fácil","15.36","Reprovado"
565,"Aluno 113","Matéria 1","Professor 7","2025-03-13","Médio","88.76","Aprovado"
566,"Aluno 114","Matéria 3","Professor 10","2025-03-13","Fácil","58.86","Reprovado"
567,"Aluno 114","Matéria 10","Professor 1","2025-03-13","Fácil","57.16","Reprovado"
568,"Aluno 114","Matéria 2","Professor 10","2025-03-13","Fácil","51.36","Reprovado"
569,"Aluno 114","Matéria 4","Professor 8","2025-03-13","Difícil","4.80","Reprovado"
570,"Aluno 114","Matéria 2","Professor 3","2025-03-13","Fácil","81.44","Aprovado"
571,"Aluno 115","Matéria 10","Professor 2","2025-03-13","Médio","74.21","Aprovado"
572,"Aluno 115","Matéria 7","Professor 1","2025-03-13","Fácil","22.87","Reprovado"
573,"Aluno 115","Matéria 3","Professor 10","2025-03-13","Médio","75.37","Aprovado"
574,"Aluno 115","Matéria 6","Professor 5","2025-03-13","Difícil","98.69","Aprovado"
575,"Aluno 115","Matéria 3","Professor 3","2025-03-13","Médio","56.80","Reprovado"
576,"Aluno 116","Matéria 7","Professor 4","2025-03-13","Fácil","38.50","Reprovado"
577,"Aluno 116","Matéria 4","Professor 4","2025-03-13","Difícil","72.63","Aprovado"
578,"Aluno 116","Matéria 10","Professor 6","2025-03-13","Difícil","87.48","Aprovado"
579,"Aluno 116","Matéria 4","Professor 4","2025-03-13","Médio","96.68","Aprovado"
580,"Aluno 116","Matéria 9","Professor 7","2025-03-13","Médio","4.72","Reprovado"
581,"Aluno 117","Matéria 7","Professor 3","2025-03-13","Difícil","38.58","Reprovado"
582,"Aluno 117","Matéria 7","Professor 4","2025-03-13","Difícil","9.59","Reprovado"
583,"Aluno 117","Matéria 1","Professor 4","2025-03-13","Fácil","72.47","Aprovado"
584,"Aluno 117","Matéria 6","Professor 2","2025-03-13","Médio","55.80","Reprovado"
585,"Aluno 117","Matéria 10","Professor 9","2025-03-13","Difícil","1.39","Reprovado"
586,"Aluno 118","Matéria 7","Professor 4","2025-03-13","Difícil","62.11","Reprovado"
587,"Aluno 118","Matéria 6","Professor 5","2025-03-13","Médio","52.86","Reprovado"
588,"Aluno 118","Matéria 10","Professor 5","2025-03-13","Fácil","0.62","Reprovado"
589,"Aluno 118","Matéria 3","Professor 5","2025-03-13","Médio","71.35","Aprovado"
590,"Aluno 118","Matéria 8","Professor 3","2025-03-13","Difícil","72.51","Aprovado"
591,"Aluno 119","Matéria 9","Professor 9","2025-03-13","Difícil","62.66","Reprovado"
592,"Aluno 119","Matéria 10","Professor 3","2025-03-13","Fácil","28.75","Reprovado"
593,"Aluno 119","Matéria 9","Professor 7","2025-03-13","Fácil","33.51","Reprovado"
594,"Aluno 119","Matéria 8","Professor 8","2025-03-13","Difícil","39.79","Reprovado"
595,"Aluno 119","Matéria 3","Professor 4","2025-03-13","Fácil","38.03","Reprovado"
596,"Aluno 120","Matéria 10","Professor 9","2025-03-13","Difícil","64.41","Reprovado"
597,"Aluno 120","Matéria 2","Professor 7","2025-03-13","Fácil","29.19","Reprovado"
598,"Aluno 120","Matéria 6","Professor 1","2025-03-13","Difícil","47.84","Reprovado"
599,"Aluno 120","Matéria 1","Professor 3","2025-03-13","Médio","53.17","Reprovado"
600,"Aluno 120","Matéria 9","Professor 8","2025-03-13","Médio","30.74","Reprovado"
601,"Aluno 121","Matéria 4","Professor 7","2025-03-13","Difícil","77.90","Aprovado"
602,"Aluno 121","Matéria 10","Professor 3","2025-03-13","Difícil","65.01","Reprovado"
603,"Aluno 121","Matéria 7","Professor 2","2025-03-13","Difícil","69.64","Reprovado"
604,"Aluno 121","Matéria 4","Professor 4","2025-03-13","Difícil","84.34","Aprovado"
605,"Aluno 121","Matéria 6","Professor 3","2025-03-13","Médio","57.78","Reprovado"
606,"Aluno 122","Matéria 9","Professor 3","2025-03-13","Fácil","25.56","Reprovado"
607,"Aluno 122","Matéria 10","Professor 8","2025-03-13","Médio","96.32","Aprovado"
608,"Aluno 122","Matéria 6","Professor 10","2025-03-13","Médio","96.80","Aprovado"
609,"Aluno 122","Matéria 5","Professor 3","2025-03-13","Difícil","98.09","Aprovado"
610,"Aluno 122","Matéria 1","Professor 7","2025-03-13","Médio","14.71","Reprovado"
611,"Aluno 123","Matéria 3","Professor 8","2025-03-13","Difícil","32.06","Reprovado"
612,"Aluno 123","Matéria 3","Professor 8","2025-03-13","Médio","8.87","Reprovado"
613,"Aluno 123","Matéria 1","Professor 1","2025-03-13","Fácil","80.98","Aprovado"
614,"Aluno 123","Matéria 7","Professor 8","2025-03-13","Fácil","83.96","Aprovado"
615,"Aluno 123","Matéria 6","Professor 4","2025-03-13","Difícil","83.52","Aprovado"
616,"Aluno 124","Matéria 2","Professor 6","2025-03-13","Difícil","49.45","Reprovado"
617,"Aluno 124","Matéria 10","Professor 1","2025-03-13","Difícil","49.13","Reprovado"
618,"Aluno 124","Matéria 8","Professor 7","2025-03-13","Médio","97.64","Aprovado"
619,"Aluno 124","Matéria 10","Professor 2","2025-03-13","Fácil","76.00","Aprovado"
620,"Aluno 124","Matéria 7","Professor 7","2025-03-13","Difícil","79.07","Aprovado"
621,"Aluno 125","Matéria 6","Professor 6","2025-03-13","Fácil","59.21","Reprovado"
622,"Aluno 125","Matéria 7","Professor 8","2025-03-13","Médio","62.53","Reprovado"
623,"Aluno 125","Matéria 3","Professor 9","2025-03-13","Médio","65.77","Reprovado"
624,"Aluno 125","Matéria 3","Professor 10","2025-03-13","Fácil","28.17","Reprovado"
625,"Aluno 125","Matéria 10","Professor 5","2025-03-13","Fácil","79.77","Aprovado"
626,"Aluno 126","Matéria 10","Professor 4","2025-03-13","Difícil","61.39","Reprovado"
627,"Aluno 126","Matéria 7","Professor 9","2025-03-13","Fácil","32.65","Reprovado"
628,"Aluno 126","Matéria 1","Professor 10","2025-03-13","Fácil","78.39","Aprovado"
629,"Aluno 126","Matéria 10","Professor 4","2025-03-13","Médio","12.07","Reprovado"
630,"Aluno 126","Matéria 8","Professor 8","2025-03-13","Fácil","1.22","Reprovado"
631,"Aluno 127","Matéria 7","Professor 6","2025-03-13","Médio","71.49","Aprovado"
632,"Aluno 127","Matéria 2","Professor 10","2025-03-13","Difícil","59.71","Reprovado"
633,"Aluno 127","Matéria 8","Professor 6","2025-03-13","Difícil","49.58","Reprovado"
634,"Aluno 127","Matéria 6","Professor 1","2025-03-13","Fácil","70.28","Aprovado"
635,"Aluno 127","Matéria 5","Professor 5","2025-03-13","Fácil","76.06","Aprovado"
636,"Aluno 128","Matéria 9","Professor 10","2025-03-13","Fácil","53.03","Reprovado"
637,"Aluno 128","Matéria 7","Professor 6","2025-03-13","Médio","27.38","Reprovado"
638,"Aluno 128","Matéria 8","Professor 7","2025-03-13","Médio","41.18","Reprovado"
639,"Aluno 128","Matéria 2","Professor 10","2025-03-13","Médio","44.46","Reprovado"
640,"Aluno 128","Matéria 5","Professor 2","2025-03-13","Fácil","35.76","Reprovado"
641,"Aluno 129","Matéria 6","Professor 7","2025-03-13","Médio","91.83","Aprovado"
642,"Aluno 129","Matéria 5","Professor 3","2025-03-13","Médio","64.76","Reprovado"
643,"Aluno 129","Matéria 4","Professor 5","2025-03-13","Médio","6.31","Reprovado"
644,"Aluno 129","Matéria 7","Professor 2","2025-03-13","Difícil","33.18","Reprovado"
645,"Aluno 129","Matéria 4","Professor 6","2025-03-13","Médio","98.06","Aprovado"
646,"Aluno 130","Matéria 9","Professor 9","2025-03-13","Fácil","75.99","Aprovado"
647,"Aluno 130","Matéria 7","Professor 4","2025-03-13","Fácil","43.03","Reprovado"
648,"Aluno 130","Matéria 3","Professor 2","2025-03-13","Médio","11.75","Reprovado"
649,"Aluno 130","Matéria 7","Professor 6","2025-03-13","Difícil","84.89","Aprovado"
650,"Aluno 130","Matéria 8","Professor 5","2025-03-13","Fácil","96.19","Aprovado"
651,"Aluno 131","Matéria 3","Professor 4","2025-03-13","Difícil","62.60","Reprovado"
652,"Aluno 131","Matéria 6","Professor 6","2025-03-13","Médio","61.29","Reprovado"
653,"Aluno 131","Matéria 10","Professor 9","2025-03-13","Médio","88.65","Aprovado"
654,"Aluno 131","Matéria 3","Professor 1","2025-03-13","Médio","69.55","Reprovado"
655,"Aluno 131","Matéria 2","Professor 5","2025-03-13","Difícil","98.09","Aprovado"
656,"Aluno 132","Matéria 8","Professor 9","2025-03-13","Fácil","68.33","Reprovado"
657,"Aluno 132","Matéria 1","Professor 8","2025-03-13","Fácil","33.20","Reprovado"
658,"Aluno 132","Matéria 5","Professor 3","2025-03-13","Difícil","9.77","Reprovado"
659,"Aluno 132","Matéria 8","Professor 4","2025-03-13","Fácil","31.07","Reprovado"
660,"Aluno 132","Matéria 3","Professor 1","2025-03-13","Médio","16.21","Reprovado"
661,"Aluno 133","Matéria 8","Professor 4","2025-03-13","Fácil","7.32","Reprovado"
662,"Aluno 133","Matéria 7","Professor 1","2025-03-13","Fácil","67.06","Reprovado"
663,"Aluno 133","Matéria 2","Professor 4","2025-03-13","Médio","27.36","Reprovado"
664,"Aluno 133","Matéria 4","Professor 2","2025-03-13","Fácil","50.43","Reprovado"
665,"Aluno 133","Matéria 6","Professor 1","2025-03-13","Fácil","91.41","Aprovado"
666,"Aluno 134","Matéria 4","Professor 7","2025-03-13","Médio","65.52","Reprovado"
667,"Aluno 134","Matéria 4","Professor 2","2025-03-13","Fácil","49.25","Reprovado"
668,"Aluno 134","Matéria 2","Professor 9","2025-03-13","Fácil","56.42","Reprovado"
669,"Aluno 134","Matéria 6","Professor 3","2025-03-13","Médio","93.89","Aprovado"
670,"Aluno 134","Matéria 1","Professor 7","2025-03-13","Fácil","17.17","Reprovado"
671,"Aluno 135","Matéria 8","Professor 7","2025-03-13","Fácil","7.11","Reprovado"
672,"Aluno 135","Matéria 4","Professor 1","2025-03-13","Fácil","67.94","Reprovado"
673,"Aluno 135","Matéria 9","Professor 8","2025-03-13","Difícil","19.87","Reprovado"
674,"Aluno 135","Matéria 7","Professor 7","2025-03-13","Fácil","29.58","Reprovado"
675,"Aluno 135","Matéria 2","Professor 4","2025-03-13","Médio","25.08","Reprovado"
676,"Aluno 136","Matéria 1","Professor 4","2025-03-13","Fácil","37.29","Reprovado"
677,"Aluno 136","Matéria 8","Professor 10","2025-03-13","Fácil","38.72","Reprovado"
678,"Aluno 136","Matéria 6","Professor 5","2025-03-13","Fácil","11.81","Reprovado"
679,"Aluno 136","Matéria 1","Professor 3","2025-03-13","Médio","66.65","Reprovado"
680,"Aluno 136","Matéria 6","Professor 8","2025-03-13","Difícil","23.17","Reprovado"
681,"Aluno 137","Matéria 10","Professor 6","2025-03-13","Fácil","21.97","Reprovado"
682,"Aluno 137","Matéria 7","Professor 2","2025-03-13","Médio","76.96","Aprovado"
683,"Aluno 137","Matéria 4","Professor 3","2025-03-13","Difícil","92.86","Aprovado"
684,"Aluno 137","Matéria 4","Professor 9","2025-03-13","Difícil","54.29","Reprovado"
685,"Aluno 137","Matéria 6","Professor 10","2025-03-13","Fácil","32.72","Reprovado"
686,"Aluno 138","Matéria 9","Professor 5","2025-03-13","Difícil","76.00","Aprovado"
687,"Aluno 138","Matéria 8","Professor 7","2025-03-13","Difícil","15.57","Reprovado"
688,"Aluno 138","Matéria 7","Professor 5","2025-03-13","Fácil","34.82","Reprovado"
689,"Aluno 138","Matéria 4","Professor 9","2025-03-13","Médio","72.91","Aprovado"
690,"Aluno 138","Matéria 9","Professor 8","2025-03-13","Fácil","73.12","Aprovado"
691,"Aluno 139","Matéria 1","Professor 1","2025-03-13","Médio","77.90","Aprovado"
692,"Aluno 139","Matéria 8","Professor 6","2025-03-13","Médio","81.73","Aprovado"
693,"Aluno 139","Matéria 1","Professor 6","2025-03-13","Fácil","39.31","Reprovado"
694,"Aluno 139","Matéria 3","Professor 8","2025-03-13","Médio","45.10","Reprovado"
695,"Aluno 139","Matéria 8","Professor 2","2025-03-13","Fácil","60.13","Reprovado"
696,"Aluno 140","Matéria 7","Professor 7","2025-03-13","Fácil","52.23","Reprovado"
697,"Aluno 140","Matéria 6","Professor 3","2025-03-13","Difícil","94.28","Aprovado"
698,"Aluno 140","Matéria 10","Professor 6","2025-03-13","Difícil","10.07","Reprovado"
699,"Aluno 140","Matéria 7","Professor 10","2025-03-13","Difícil","18.99","Reprovado"
700,"Aluno 140","Matéria 5","Professor 7","2025-03-13","Médio","38.00","Reprovado"
701,"Aluno 141","Matéria 10","Professor 9","2025-03-13","Difícil","38.77","Reprovado"
702,"Aluno 141","Matéria 3","Professor 10","2025-03-13","Médio","83.58","Aprovado"
703,"Aluno 141","Matéria 7","Professor 8","2025-03-13","Difícil","96.52","Aprovado"
704,"Aluno 141","Matéria 10","Professor 3","2025-03-13","Médio","51.35","Reprovado"
705,"Aluno 141","Matéria 6","Professor 7","2025-03-13","Fácil","29.25","Reprovado"
706,"Aluno 142","Matéria 10","Professor 7","2025-03-13","Médio","48.80","Reprovado"
707,"Aluno 142","Matéria 5","Professor 4","2025-03-13","Fácil","91.86","Aprovado"
708,"Aluno 142","Matéria 5","Professor 3","2025-03-13","Médio","53.59","Reprovado"
709,"Aluno 142","Matéria 4","Professor 3","2025-03-13","Difícil","17.22","Reprovado"
710,"Aluno 142","Matéria 7","Professor 10","2025-03-13","Difícil","37.28","Reprovado"
711,"Aluno 143","Matéria 9","Professor 3","2025-03-13","Fácil","20.37","Reprovado"
712,"Aluno 143","Matéria 2","Professor 5","2025-03-13","Médio","97.43","Aprovado"
713,"Aluno 143","Matéria 7","Professor 5","2025-03-13","Difícil","89.41","Aprovado"
714,"Aluno 143","Matéria 1","Professor 2","2025-03-13","Difícil","80.53","Aprovado"
715,"Aluno 143","Matéria 6","Professor 3","2025-03-13","Difícil","35.14","Reprovado"
716,"Aluno 144","Matéria 8","Professor 5","2025-03-13","Médio","63.72","Reprovado"
717,"Aluno 144","Matéria 10","Professor 10","2025-03-13","Difícil","67.51","Reprovado"
718,"Aluno 144","Matéria 8","Professor 9","2025-03-13","Médio","67.53","Reprovado"
719,"Aluno 144","Matéria 9","Professor 6","2025-03-13","Fácil","20.44","Reprovado"
720,"Aluno 144","Matéria 8","Professor 9","2025-03-13","Difícil","21.09","Reprovado"
721,"Aluno 145","Matéria 4","Professor 7","2025-03-13","Médio","43.09","Reprovado"
722,"Aluno 145","Matéria 2","Professor 3","2025-03-13","Médio","1.23","Reprovado"
723,"Aluno 145","Matéria 9","Professor 7","2025-03-13","Médio","97.97","Aprovado"
724,"Aluno 145","Matéria 3","Professor 2","2025-03-13","Difícil","48.26","Reprovado"
725,"Aluno 145","Matéria 10","Professor 10","2025-03-13","Difícil","48.22","Reprovado"
726,"Aluno 146","Matéria 5","Professor 2","2025-03-13","Médio","92.13","Aprovado"
727,"Aluno 146","Matéria 1","Professor 4","2025-03-13","Médio","90.65","Aprovado"
728,"Aluno 146","Matéria 4","Professor 4","2025-03-13","Difícil","3.81","Reprovado"
729,"Aluno 146","Matéria 9","Professor 6","2025-03-13","Difícil","96.63","Aprovado"
730,"Aluno 146","Matéria 1","Professor 6","2025-03-13","Difícil","35.87","Reprovado"
731,"Aluno 147","Matéria 8","Professor 3","2025-03-13","Médio","31.48","Reprovado"
732,"Aluno 147","Matéria 9","Professor 9","2025-03-13","Difícil","78.08","Aprovado"
733,"Aluno 147","Matéria 5","Professor 7","2025-03-13","Médio","57.09","Reprovado"
734,"Aluno 147","Matéria 5","Professor 10","2025-03-13","Médio","85.70","Aprovado"
735,"Aluno 147","Matéria 1","Professor 7","2025-03-13","Fácil","15.38","Reprovado"
736,"Aluno 148","Matéria 6","Professor 7","2025-03-13","Fácil","74.94","Aprovado"
737,"Aluno 148","Matéria 1","Professor 7","2025-03-13","Difícil","71.62","Aprovado"
738,"Aluno 148","Matéria 9","Professor 4","2025-03-13","Médio","34.20","Reprovado"
739,"Aluno 148","Matéria 9","Professor 7","2025-03-13","Médio","98.13","Aprovado"
740,"Aluno 148","Matéria 1","Professor 3","2025-03-13","Difícil","45.06","Reprovado"
741,"Aluno 149","Matéria 9","Professor 2","2025-03-13","Médio","28.14","Reprovado"
742,"Aluno 149","Matéria 7","Professor 2","2025-03-13","Médio","66.26","Reprovado"
743,"Aluno 149","Matéria 5","Professor 8","2025-03-13","Médio","15.25","Reprovado"
744,"Aluno 149","Matéria 4","Professor 6","2025-03-13","Fácil","78.09","Aprovado"
745,"Aluno 149","Matéria 3","Professor 1","2025-03-13","Difícil","59.58","Reprovado"
746,"Aluno 150","Matéria 9","Professor 2","2025-03-13","Médio","0.09","Reprovado"
747,"Aluno 150","Matéria 10","Professor 1","2025-03-13","Médio","94.20","Aprovado"
748,"Aluno 150","Matéria 2","Professor 9","2025-03-13","Fácil","92.99","Aprovado"
749,"Aluno 150","Matéria 4","Professor 6","2025-03-13","Difícil","10.79","Reprovado"
750,"Aluno 150","Matéria 8","Professor 5","2025-03-13","Fácil","91.58","Aprovado"
751,"Aluno 151","Matéria 4","Professor 6","2025-03-13","Médio","30.97","Reprovado"
752,"Aluno 151","Matéria 5","Professor 8","2025-03-13","Difícil","22.77","Reprovado"
753,"Aluno 151","Matéria 3","Professor 5","2025-03-13","Médio","58.06","Reprovado"
754,"Aluno 151","Matéria 2","Professor 7","2025-03-13","Difícil","21.38","Reprovado"
755,"Aluno 151","Matéria 9","Professor 4","2025-03-13","Difícil","96.06","Aprovado"
756,"Aluno 152","Matéria 1","Professor 6","2025-03-13","Difícil","73.40","Aprovado"
757,"Aluno 152","Matéria 3","Professor 2","2025-03-13","Fácil","73.38","Aprovado"
758,"Aluno 152","Matéria 2","Professor 8","2025-03-13","Médio","69.00","Reprovado"
759,"Aluno 152","Matéria 6","Professor 5","2025-03-13","Difícil","54.11","Reprovado"
760,"Aluno 152","Matéria 6","Professor 6","2025-03-13","Fácil","5.05","Reprovado"
761,"Aluno 153","Matéria 1","Professor 8","2025-03-13","Difícil","67.04","Reprovado"
762,"Aluno 153","Matéria 5","Professor 3","2025-03-13","Médio","69.30","Reprovado"
763,"Aluno 153","Matéria 10","Professor 9","2025-03-13","Médio","2.17","Reprovado"
764,"Aluno 153","Matéria 6","Professor 9","2025-03-13","Fácil","32.86","Reprovado"
765,"Aluno 153","Matéria 1","Professor 9","2025-03-13","Médio","48.40","Reprovado"
766,"Aluno 154","Matéria 4","Professor 5","2025-03-13","Fácil","52.62","Reprovado"
767,"Aluno 154","Matéria 5","Professor 3","2025-03-13","Médio","75.71","Aprovado"
768,"Aluno 154","Matéria 3","Professor 9","2025-03-13","Médio","54.61","Reprovado"
769,"Aluno 154","Matéria 7","Professor 9","2025-03-13","Fácil","47.22","Reprovado"
770,"Aluno 154","Matéria 6","Professor 6","2025-03-13","Difícil","72.93","Aprovado"
771,"Aluno 155","Matéria 8","Professor 4","2025-03-13","Médio","78.59","Aprovado"
772,"Aluno 155","Matéria 9","Professor 4","2025-03-13","Difícil","56.48","Reprovado"
773,"Aluno 155","Matéria 9","Professor 5","2025-03-13","Fácil","83.63","Aprovado"
774,"Aluno 155","Matéria 9","Professor 10","2025-03-13","Fácil","71.69","Aprovado"
775,"Aluno 155","Matéria 9","Professor 9","2025-03-13","Médio","32.13","Reprovado"
776,"Aluno 156","Matéria 2","Professor 5","2025-03-13","Fácil","16.87","Reprovado"
777,"Aluno 156","Matéria 5","Professor 4","2025-03-13","Médio","87.66","Aprovado"
778,"Aluno 156","Matéria 7","Professor 9","2025-03-13","Fácil","54.58","Reprovado"
779,"Aluno 156","Matéria 10","Professor 3","2025-03-13","Médio","89.06","Aprovado"
780,"Aluno 156","Matéria 9","Professor 6","2025-03-13","Médio","43.36","Reprovado"
781,"Aluno 157","Matéria 5","Professor 8","2025-03-13","Fácil","70.18","Aprovado"
782,"Aluno 157","Matéria 1","Professor 4","2025-03-13","Médio","96.21","Aprovado"
783,"Aluno 157","Matéria 10","Professor 5","2025-03-13","Fácil","84.38","Aprovado"
784,"Aluno 157","Matéria 3","Professor 3","2025-03-13","Difícil","64.15","Reprovado"
785,"Aluno 157","Matéria 4","Professor 3","2025-03-13","Fácil","83.67","Aprovado"
786,"Aluno 158","Matéria 5","Professor 5","2025-03-13","Difícil","2.74","Reprovado"
787,"Aluno 158","Matéria 9","Professor 2","2025-03-13","Médio","26.33","Reprovado"
788,"Aluno 158","Matéria 9","Professor 1","2025-03-13","Fácil","5.83","Reprovado"
789,"Aluno 158","Matéria 6","Professor 9","2025-03-13","Difícil","81.86","Aprovado"
790,"Aluno 158","Matéria 1","Professor 2","2025-03-13","Médio","62.95","Reprovado"
791,"Aluno 159","Matéria 1","Professor 10","2025-03-13","Difícil","42.49","Reprovado"
792,"Aluno 159","Matéria 2","Professor 3","2025-03-13","Difícil","2.14","Reprovado"
793,"Aluno 159","Matéria 5","Professor 6","2025-03-13","Médio","3.09","Reprovado"
794,"Aluno 159","Matéria 1","Professor 10","2025-03-13","Médio","23.85","Reprovado"
795,"Aluno 159","Matéria 10","Professor 1","2025-03-13","Difícil","50.13","Reprovado"
796,"Aluno 160","Matéria 9","Professor 10","2025-03-13","Fácil","84.37","Aprovado"
797,"Aluno 160","Matéria 3","Professor 3","2025-03-13","Difícil","57.16","Reprovado"
798,"Aluno 160","Matéria 10","Professor 9","2025-03-13","Difícil","73.77","Aprovado"
799,"Aluno 160","Matéria 5","Professor 4","2025-03-13","Difícil","19.34","Reprovado"
800,"Aluno 160","Matéria 2","Professor 7","2025-03-13","Difícil","46.30","Reprovado"
801,"Aluno 161","Matéria 9","Professor 10","2025-03-13","Difícil","7.85","Reprovado"
802,"Aluno 161","Matéria 6","Professor 7","2025-03-13","Médio","68.39","Reprovado"
803,"Aluno 161","Matéria 10","Professor 3","2025-03-13","Fácil","68.73","Reprovado"
804,"Aluno 161","Matéria 4","Professor 4","2025-03-13","Fácil","57.13","Reprovado"
805,"Aluno 161","Matéria 9","Professor 10","2025-03-13","Fácil","72.97","Aprovado"
806,"Aluno 162","Matéria 8","Professor 4","2025-03-13","Fácil","98.46","Aprovado"
807,"Aluno 162","Matéria 3","Professor 8","2025-03-13","Médio","11.43","Reprovado"
808,"Aluno 162","Matéria 10","Professor 8","2025-03-13","Médio","21.73","Reprovado"
809,"Aluno 162","Matéria 4","Professor 9","2025-03-13","Difícil","97.82","Aprovado"
810,"Aluno 162","Matéria 3","Professor 7","2025-03-13","Médio","42.82","Reprovado"
811,"Aluno 163","Matéria 4","Professor 8","2025-03-13","Médio","7.29","Reprovado"
812,"Aluno 163","Matéria 3","Professor 10","2025-03-13","Difícil","14.94","Reprovado"
813,"Aluno 163","Matéria 3","Professor 8","2025-03-13","Difícil","37.68","Reprovado"
814,"Aluno 163","Matéria 7","Professor 2","2025-03-13","Médio","12.75","Reprovado"
815,"Aluno 163","Matéria 7","Professor 8","2025-03-13","Médio","98.11","Aprovado"
816,"Aluno 164","Matéria 1","Professor 1","2025-03-13","Difícil","86.10","Aprovado"
817,"Aluno 164","Matéria 10","Professor 1","2025-03-13","Médio","11.46","Reprovado"
818,"Aluno 164","Matéria 9","Professor 8","2025-03-13","Difícil","96.12","Aprovado"
819,"Aluno 164","Matéria 5","Professor 7","2025-03-13","Fácil","49.64","Reprovado"
820,"Aluno 164","Matéria 10","Professor 10","2025-03-13","Difícil","82.71","Aprovado"
821,"Aluno 165","Matéria 6","Professor 2","2025-03-13","Fácil","23.88","Reprovado"
822,"Aluno 165","Matéria 10","Professor 5","2025-03-13","Difícil","44.24","Reprovado"
823,"Aluno 165","Matéria 3","Professor 5","2025-03-13","Difícil","85.76","Aprovado"
824,"Aluno 165","Matéria 7","Professor 8","2025-03-13","Fácil","26.34","Reprovado"
825,"Aluno 165","Matéria 6","Professor 8","2025-03-13","Difícil","81.26","Aprovado"
826,"Aluno 166","Matéria 2","Professor 3","2025-03-13","Fácil","3.64","Reprovado"
827,"Aluno 166","Matéria 2","Professor 2","2025-03-13","Fácil","65.55","Reprovado"
828,"Aluno 166","Matéria 5","Professor 10","2025-03-13","Médio","2.19","Reprovado"
829,"Aluno 166","Matéria 10","Professor 7","2025-03-13","Médio","26.00","Reprovado"
830,"Aluno 166","Matéria 8","Professor 9","2025-03-13","Fácil","2.77","Reprovado"
831,"Aluno 167","Matéria 1","Professor 3","2025-03-13","Fácil","7.06","Reprovado"
832,"Aluno 167","Matéria 10","Professor 4","2025-03-13","Difícil","57.62","Reprovado"
833,"Aluno 167","Matéria 3","Professor 6","2025-03-13","Médio","74.61","Aprovado"
834,"Aluno 167","Matéria 6","Professor 2","2025-03-13","Médio","58.48","Reprovado"
835,"Aluno 167","Matéria 7","Professor 6","2025-03-13","Difícil","53.94","Reprovado"
836,"Aluno 168","Matéria 8","Professor 7","2025-03-13","Difícil","59.25","Reprovado"
837,"Aluno 168","Matéria 7","Professor 5","2025-03-13","Médio","69.15","Reprovado"
838,"Aluno 168","Matéria 4","Professor 10","2025-03-13","Difícil","54.17","Reprovado"
839,"Aluno 168","Matéria 6","Professor 8","2025-03-13","Difícil","76.57","Aprovado"
840,"Aluno 168","Matéria 8","Professor 9","2025-03-13","Médio","99.95","Aprovado"
841,"Aluno 169","Matéria 5","Professor 8","2025-03-13","Médio","69.73","Reprovado"
842,"Aluno 169","Matéria 8","Professor 9","2025-03-13","Difícil","99.92","Aprovado"
843,"Aluno 169","Matéria 2","Professor 2","2025-03-13","Difícil","78.62","Aprovado"
844,"Aluno 169","Matéria 9","Professor 10","2025-03-13","Difícil","6.99","Reprovado"
845,"Aluno 169","Matéria 10","Professor 6","2025-03-13","Fácil","85.94","Aprovado"
846,"Aluno 170","Matéria 9","Professor 1","2025-03-13","Difícil","36.48","Reprovado"
847,"Aluno 170","Matéria 10","Professor 7","2025-03-13","Difícil","86.48","Aprovado"
848,"Aluno 170","Matéria 6","Professor 5","2025-03-13","Médio","56.48","Reprovado"
849,"Aluno 170","Matéria 2","Professor 4","2025-03-13","Médio","71.94","Aprovado"
850,"Aluno 170","Matéria 6","Professor 7","2025-03-13","Fácil","94.02","Aprovado"
851,"Aluno 171","Matéria 10","Professor 3","2025-03-13","Difícil","73.78","Aprovado"
852,"Aluno 171","Matéria 3","Professor 6","2025-03-13","Fácil","53.32","Reprovado"
853,"Aluno 171","Matéria 9","Professor 3","2025-03-13","Médio","65.11","Reprovado"
854,"Aluno 171","Matéria 8","Professor 10","2025-03-13","Fácil","81.70","Aprovado"
855,"Aluno 171","Matéria 10","Professor 3","2025-03-13","Difícil","11.95","Reprovado"
856,"Aluno 172","Matéria 1","Professor 3","2025-03-13","Fácil","45.54","Reprovado"
857,"Aluno 172","Matéria 9","Professor 6","2025-03-13","Difícil","76.26","Aprovado"
858,"Aluno 172","Matéria 6","Professor 1","2025-03-13","Médio","10.33","Reprovado"
859,"Aluno 172","Matéria 10","Professor 6","2025-03-13","Difícil","14.32","Reprovado"
860,"Aluno 172","Matéria 1","Professor 7","2025-03-13","Difícil","84.59","Aprovado"
861,"Aluno 173","Matéria 8","Professor 4","2025-03-13","Médio","23.56","Reprovado"
862,"Aluno 173","Matéria 6","Professor 10","2025-03-13","Médio","26.98","Reprovado"
863,"Aluno 173","Matéria 8","Professor 7","2025-03-13","Fácil","98.64","Aprovado"
864,"Aluno 173","Matéria 5","Professor 10","2025-03-13","Médio","13.04","Reprovado"
865,"Aluno 173","Matéria 1","Professor 3","2025-03-13","Médio","58.04","Reprovado"
866,"Aluno 174","Matéria 5","Professor 7","2025-03-13","Médio","98.78","Aprovado"
867,"Aluno 174","Matéria 6","Professor 3","2025-03-13","Fácil","11.21","Reprovado"
868,"Aluno 174","Matéria 2","Professor 3","2025-03-13","Fácil","68.63","Reprovado"
869,"Aluno 174","Matéria 6","Professor 10","2025-03-13","Fácil","40.70","Reprovado"
870,"Aluno 174","Matéria 5","Professor 4","2025-03-13","Difícil","57.22","Reprovado"
871,"Aluno 175","Matéria 4","Professor 5","2025-03-13","Fácil","95.62","Aprovado"
872,"Aluno 175","Matéria 3","Professor 5","2025-03-13","Difícil","22.24","Reprovado"
873,"Aluno 175","Matéria 7","Professor 9","2025-03-13","Fácil","37.37","Reprovado"
874,"Aluno 175","Matéria 7","Professor 3","2025-03-13","Fácil","82.32","Aprovado"
875,"Aluno 175","Matéria 7","Professor 10","2025-03-13","Difícil","94.99","Aprovado"
876,"Aluno 176","Matéria 3","Professor 8","2025-03-13","Difícil","71.79","Aprovado"
877,"Aluno 176","Matéria 8","Professor 7","2025-03-13","Difícil","78.79","Aprovado"
878,"Aluno 176","Matéria 6","Professor 6","2025-03-13","Difícil","89.99","Aprovado"
879,"Aluno 176","Matéria 6","Professor 3","2025-03-13","Difícil","85.99","Aprovado"
880,"Aluno 176","Matéria 1","Professor 3","2025-03-13","Difícil","77.22","Aprovado"
881,"Aluno 177","Matéria 1","Professor 8","2025-03-13","Fácil","33.87","Reprovado"
882,"Aluno 177","Matéria 4","Professor 4","2025-03-13","Difícil","27.51","Reprovado"
883,"Aluno 177","Matéria 7","Professor 2","2025-03-13","Fácil","98.13","Aprovado"
884,"Aluno 177","Matéria 5","Professor 9","2025-03-13","Difícil","74.00","Aprovado"
885,"Aluno 177","Matéria 6","Professor 2","2025-03-13","Médio","44.24","Reprovado"
886,"Aluno 178","Matéria 7","Professor 10","2025-03-13","Médio","79.42","Aprovado"
887,"Aluno 178","Matéria 8","Professor 2","2025-03-13","Fácil","61.05","Reprovado"
888,"Aluno 178","Matéria 3","Professor 10","2025-03-13","Difícil","24.89","Reprovado"
889,"Aluno 178","Matéria 3","Professor 3","2025-03-13","Difícil","99.22","Aprovado"
890,"Aluno 178","Matéria 5","Professor 3","2025-03-13","Difícil","84.55","Aprovado"
891,"Aluno 179","Matéria 4","Professor 9","2025-03-13","Difícil","99.98","Aprovado"
892,"Aluno 179","Matéria 4","Professor 3","2025-03-13","Difícil","3.31","Reprovado"
893,"Aluno 179","Matéria 3","Professor 2","2025-03-13","Difícil","3.63","Reprovado"
894,"Aluno 179","Matéria 3","Professor 4","2025-03-13","Médio","6.40","Reprovado"
895,"Aluno 179","Matéria 9","Professor 1","2025-03-13","Fácil","40.64","Reprovado"
896,"Aluno 180","Matéria 10","Professor 6","2025-03-13","Fácil","97.69","Aprovado"
897,"Aluno 180","Matéria 5","Professor 3","2025-03-13","Difícil","37.50","Reprovado"
898,"Aluno 180","Matéria 2","Professor 4","2025-03-13","Difícil","74.06","Aprovado"
899,"Aluno 180","Matéria 10","Professor 4","2025-03-13","Difícil","66.43","Reprovado"
900,"Aluno 180","Matéria 5","Professor 9","2025-03-13","Difícil","35.59","Reprovado"
901,"Aluno 181","Matéria 1","Professor 7","2025-03-13","Médio","45.47","Reprovado"
902,"Aluno 181","Matéria 9","Professor 4","2025-03-13","Difícil","82.19","Aprovado"
903,"Aluno 181","Matéria 5","Professor 1","2025-03-13","Médio","84.15","Aprovado"
904,"Aluno 181","Matéria 10","Professor 6","2025-03-13","Difícil","4.67","Reprovado"
905,"Aluno 181","Matéria 8","Professor 5","2025-03-13","Médio","38.34","Reprovado"
906,"Aluno 182","Matéria 7","Professor 2","2025-03-13","Médio","28.58","Reprovado"
907,"Aluno 182","Matéria 8","Professor 4","2025-03-13","Difícil","17.59","Reprovado"
908,"Aluno 182","Matéria 1","Professor 10","2025-03-13","Médio","27.14","Reprovado"
909,"Aluno 182","Matéria 3","Professor 4","2025-03-13","Fácil","12.86","Reprovado"
910,"Aluno 182","Matéria 2","Professor 5","2025-03-13","Fácil","42.14","Reprovado"
911,"Aluno 183","Matéria 9","Professor 1","2025-03-13","Médio","75.44","Aprovado"
912,"Aluno 183","Matéria 1","Professor 6","2025-03-13","Difícil","15.82","Reprovado"
913,"Aluno 183","Matéria 3","Professor 5","2025-03-13","Médio","57.87","Reprovado"
914,"Aluno 183","Matéria 7","Professor 2","2025-03-13","Difícil","74.03","Aprovado"
915,"Aluno 183","Matéria 3","Professor 9","2025-03-13","Difícil","31.77","Reprovado"
916,"Aluno 184","Matéria 5","Professor 7","2025-03-13","Difícil","51.84","Reprovado"
917,"Aluno 184","Matéria 9","Professor 9","2025-03-13","Médio","76.05","Aprovado"
918,"Aluno 184","Matéria 7","Professor 3","2025-03-13","Difícil","65.52","Reprovado"
919,"Aluno 184","Matéria 8","Professor 10","2025-03-13","Fácil","86.30","Aprovado"
920,"Aluno 184","Matéria 9","Professor 4","2025-03-13","Fácil","62.75","Reprovado"
921,"Aluno 185","Matéria 5","Professor 6","2025-03-13","Fácil","36.11","Reprovado"
922,"Aluno 185","Matéria 3","Professor 6","2025-03-13","Difícil","40.03","Reprovado"
923,"Aluno 185","Matéria 10","Professor 7","2025-03-13","Médio","45.10","Reprovado"
924,"Aluno 185","Matéria 6","Professor 10","2025-03-13","Difícil","97.91","Aprovado"
925,"Aluno 185","Matéria 5","Professor 10","2025-03-13","Difícil","37.55","Reprovado"
926,"Aluno 186","Matéria 10","Professor 9","2025-03-13","Fácil","80.63","Aprovado"
927,"Aluno 186","Matéria 9","Professor 6","2025-03-13","Fácil","32.58","Reprovado"
928,"Aluno 186","Matéria 8","Professor 10","2025-03-13","Fácil","61.52","Reprovado"
929,"Aluno 186","Matéria 2","Professor 6","2025-03-13","Difícil","7.12","Reprovado"
930,"Aluno 186","Matéria 1","Professor 5","2025-03-13","Difícil","17.62","Reprovado"
931,"Aluno 187","Matéria 2","Professor 3","2025-03-13","Fácil","81.34","Aprovado"
932,"Aluno 187","Matéria 6","Professor 8","2025-03-13","Médio","81.05","Aprovado"
933,"Aluno 187","Matéria 10","Professor 7","2025-03-13","Fácil","80.23","Aprovado"
934,"Aluno 187","Matéria 10","Professor 6","2025-03-13","Difícil","51.27","Reprovado"
935,"Aluno 187","Matéria 8","Professor 1","2025-03-13","Fácil","85.77","Aprovado"
936,"Aluno 188","Matéria 7","Professor 4","2025-03-13","Fácil","74.35","Aprovado"
937,"Aluno 188","Matéria 4","Professor 1","2025-03-13","Médio","7.97","Reprovado"
938,"Aluno 188","Matéria 1","Professor 4","2025-03-13","Difícil","60.91","Reprovado"
939,"Aluno 188","Matéria 10","Professor 6","2025-03-13","Fácil","97.25","Aprovado"
940,"Aluno 188","Matéria 9","Professor 2","2025-03-13","Difícil","88.12","Aprovado"
941,"Aluno 189","Matéria 7","Professor 10","2025-03-13","Fácil","1.84","Reprovado"
942,"Aluno 189","Matéria 6","Professor 4","2025-03-13","Difícil","81.84","Aprovado"
943,"Aluno 189","Matéria 2","Professor 4","2025-03-13","Difícil","90.51","Aprovado"
944,"Aluno 189","Matéria 8","Professor 3","2025-03-13","Difícil","22.43","Reprovado"
945,"Aluno 189","Matéria 1","Professor 10","2025-03-13","Médio","64.65","Reprovado"
946,"Aluno 190","Matéria 10","Professor 1","2025-03-13","Fácil","75.45","Aprovado"
947,"Aluno 190","Matéria 7","Professor 3","2025-03-13","Difícil","97.40","Aprovado"
948,"Aluno 190","Matéria 3","Professor 6","2025-03-13","Médio","50.40","Reprovado"
949,"Aluno 190","Matéria 1","Professor 9","2025-03-13","Fácil","36.91","Reprovado"
950,"Aluno 190","Matéria 8","Professor 2","2025-03-13","Difícil","51.71","Reprovado"
951,"Aluno 191","Matéria 3","Professor 5","2025-03-13","Médio","92.29","Aprovado"
952,"Aluno 191","Matéria 3","Professor 1","2025-03-13","Fácil","82.63","Aprovado"
953,"Aluno 191","Matéria 6","Professor 4","2025-03-13","Difícil","83.76","Aprovado"
954,"Aluno 191","Matéria 6","Professor 2","2025-03-13","Fácil","44.10","Reprovado"
955,"Aluno 191","Matéria 5","Professor 9","2025-03-13","Difícil","36.39","Reprovado"
956,"Aluno 192","Matéria 5","Professor 9","2025-03-13","Fácil","33.26","Reprovado"
957,"Aluno 192","Matéria 8","Professor 7","2025-03-13","Fácil","24.96","Reprovado"
958,"Aluno 192","Matéria 5","Professor 5","2025-03-13","Médio","74.83","Aprovado"
959,"Aluno 192","Matéria 8","Professor 4","2025-03-13","Difícil","59.57","Reprovado"
960,"Aluno 192","Matéria 2","Professor 6","2025-03-13","Difícil","84.71","Aprovado"
961,"Aluno 193","Matéria 6","Professor 3","2025-03-13","Difícil","57.87","Reprovado"
962,"Aluno 193","Matéria 8","Professor 1","2025-03-13","Médio","24.10","Reprovado"
963,"Aluno 193","Matéria 2","Professor 9","2025-03-13","Difícil","50.81","Reprovado"
964,"Aluno 193","Matéria 9","Professor 4","2025-03-13","Difícil","14.56","Reprovado"
965,"Aluno 193","Matéria 8","Professor 7","2025-03-13","Médio","12.18","Reprovado"
966,"Aluno 194","Matéria 7","Professor 6","2025-03-13","Difícil","51.68","Reprovado"
967,"Aluno 194","Matéria 2","Professor 8","2025-03-13","Fácil","28.64","Reprovado"
968,"Aluno 194","Matéria 7","Professor 7","2025-03-13","Difícil","1.57","Reprovado"
969,"Aluno 194","Matéria 7","Professor 1","2025-03-13","Difícil","19.20","Reprovado"
970,"Aluno 194","Matéria 5","Professor 8","2025-03-13","Difícil","39.75","Reprovado"
971,"Aluno 195","Matéria 6","Professor 4","2025-03-13","Fácil","57.10","Reprovado"
972,"Aluno 195","Matéria 4","Professor 5","2025-03-13","Difícil","86.07","Aprovado"
973,"Aluno 195","Matéria 7","Professor 4","2025-03-13","Fácil","81.25","Aprovado"
974,"Aluno 195","Matéria 8","Professor 7","2025-03-13","Fácil","47.87","Reprovado"
975,"Aluno 195","Matéria 3","Professor 3","2025-03-13","Difícil","98.89","Aprovado"
976,"Aluno 196","Matéria 8","Professor 7","2025-03-13","Fácil","95.74","Aprovado"
977,"Aluno 196","Matéria 2","Professor 6","2025-03-13","Fácil","44.83","Reprovado"
978,"Aluno 196","Matéria 3","Professor 6","2025-03-13","Médio","16.22","Reprovado"
979,"Aluno 196","Matéria 5","Professor 10","2025-03-13","Difícil","94.82","Aprovado"
980,"Aluno 196","Matéria 8","Professor 1","2025-03-13","Médio","27.26","Reprovado"
981,"Aluno 197","Matéria 1","Professor 8","2025-03-13","Médio","22.16","Reprovado"
982,"Aluno 197","Matéria 8","Professor 1","2025-03-13","Médio","22.20","Reprovado"
983,"Aluno 197","Matéria 3","Professor 7","2025-03-13","Médio","95.10","Aprovado"
984,"Aluno 197","Matéria 7","Professor 9","2025-03-13","Difícil","69.14","Reprovado"
985,"Aluno 197","Matéria 4","Professor 3","2025-03-13","Fácil","83.12","Aprovado"
986,"Aluno 198","Matéria 8","Professor 2","2025-03-13","Médio","47.89","Reprovado"
987,"Aluno 198","Matéria 4","Professor 8","2025-03-13","Difícil","41.95","Reprovado"
988,"Aluno 198","Matéria 3","Professor 1","2025-03-13","Difícil","37.27","Reprovado"
989,"Aluno 198","Matéria 7","Professor 2","2025-03-13","Difícil","56.83","Reprovado"
990,"Aluno 198","Matéria 6","Professor 3","2025-03-13","Difícil","19.31","Reprovado"
991,"Aluno 199","Matéria 9","Professor 9","2025-03-13","Fácil","30.99","Reprovado"
992,"Aluno 199","Matéria 5","Professor 5","2025-03-13","Médio","87.90","Aprovado"
993,"Aluno 199","Matéria 4","Professor 1","2025-03-13","Fácil","14.40","Reprovado"
994,"Aluno 199","Matéria 9","Professor 10","2025-03-13","Médio","84.10","Aprovado"
995,"Aluno 199","Matéria 6","Professor 4","2025-03-13","Difícil","27.97","Reprovado"
996,"Aluno 200","Matéria 7","Professor 7","2025-03-13","Difícil","28.43","Reprovado"
997,"Aluno 200","Matéria 1","Professor 5","2025-03-13","Médio","6.33","Reprovado"
998,"Aluno 200","Matéria 6","Professor 6","2025-03-13","Fácil","1.70","Reprovado"
999,"Aluno 200","Matéria 7","Professor 4","2025-03-13","Fácil","37.04","Reprovado"
1000,"Aluno 200","Matéria 5","Professor 7","2025-03-13","Médio","43.10","Reprovado"
1001,"Aluno 201","Matéria 5","Professor 7","2025-03-13","Difícil","94.87","Aprovado"
1002,"Aluno 201","Matéria 2","Professor 1","2025-03-13","Médio","76.95","Aprovado"
1003,"Aluno 201","Matéria 6","Professor 10","2025-03-13","Fácil","38.09","Reprovado"
1004,"Aluno 201","Matéria 8","Professor 3","2025-03-13","Médio","14.09","Reprovado"
1005,"Aluno 201","Matéria 2","Professor 6","2025-03-13","Médio","28.15","Reprovado"
1006,"Aluno 202","Matéria 9","Professor 6","2025-03-13","Fácil","10.81","Reprovado"
1007,"Aluno 202","Matéria 3","Professor 7","2025-03-13","Médio","36.95","Reprovado"
1008,"Aluno 202","Matéria 4","Professor 1","2025-03-13","Médio","64.98","Reprovado"
1009,"Aluno 202","Matéria 9","Professor 1","2025-03-13","Difícil","98.44","Aprovado"
1010,"Aluno 202","Matéria 2","Professor 1","2025-03-13","Médio","59.27","Reprovado"
1011,"Aluno 203","Matéria 9","Professor 2","2025-03-13","Médio","73.90","Aprovado"
1012,"Aluno 203","Matéria 1","Professor 3","2025-03-13","Difícil","56.74","Reprovado"
1013,"Aluno 203","Matéria 4","Professor 7","2025-03-13","Médio","22.49","Reprovado"
1014,"Aluno 203","Matéria 7","Professor 2","2025-03-13","Fácil","66.86","Reprovado"
1015,"Aluno 203","Matéria 1","Professor 6","2025-03-13","Fácil","44.70","Reprovado"
1016,"Aluno 204","Matéria 3","Professor 6","2025-03-13","Médio","72.21","Aprovado"
1017,"Aluno 204","Matéria 2","Professor 5","2025-03-13","Fácil","75.41","Aprovado"
1018,"Aluno 204","Matéria 5","Professor 1","2025-03-13","Fácil","71.62","Aprovado"
1019,"Aluno 204","Matéria 3","Professor 2","2025-03-13","Fácil","98.80","Aprovado"
1020,"Aluno 204","Matéria 9","Professor 2","2025-03-13","Fácil","88.11","Aprovado"
1021,"Aluno 205","Matéria 9","Professor 9","2025-03-13","Difícil","39.04","Reprovado"
1022,"Aluno 205","Matéria 5","Professor 5","2025-03-13","Fácil","65.25","Reprovado"
1023,"Aluno 205","Matéria 6","Professor 1","2025-03-13","Fácil","29.21","Reprovado"
1024,"Aluno 205","Matéria 4","Professor 7","2025-03-13","Médio","35.48","Reprovado"
1025,"Aluno 205","Matéria 3","Professor 2","2025-03-13","Difícil","97.21","Aprovado"
1026,"Aluno 206","Matéria 9","Professor 3","2025-03-13","Difícil","73.65","Aprovado"
1027,"Aluno 206","Matéria 1","Professor 10","2025-03-13","Médio","78.87","Aprovado"
1028,"Aluno 206","Matéria 8","Professor 1","2025-03-13","Médio","76.74","Aprovado"
1029,"Aluno 206","Matéria 6","Professor 6","2025-03-13","Difícil","24.27","Reprovado"
1030,"Aluno 206","Matéria 10","Professor 6","2025-03-13","Difícil","33.72","Reprovado"
1031,"Aluno 207","Matéria 2","Professor 10","2025-03-13","Fácil","47.37","Reprovado"
1032,"Aluno 207","Matéria 3","Professor 3","2025-03-13","Difícil","57.62","Reprovado"
1033,"Aluno 207","Matéria 10","Professor 8","2025-03-13","Fácil","19.07","Reprovado"
1034,"Aluno 207","Matéria 3","Professor 9","2025-03-13","Médio","8.01","Reprovado"
1035,"Aluno 207","Matéria 5","Professor 1","2025-03-13","Fácil","83.83","Aprovado"
1036,"Aluno 208","Matéria 8","Professor 1","2025-03-13","Fácil","66.13","Reprovado"
1037,"Aluno 208","Matéria 7","Professor 5","2025-03-13","Médio","49.33","Reprovado"
1038,"Aluno 208","Matéria 9","Professor 3","2025-03-13","Fácil","73.24","Aprovado"
1039,"Aluno 208","Matéria 6","Professor 8","2025-03-13","Médio","78.91","Aprovado"
1040,"Aluno 208","Matéria 9","Professor 10","2025-03-13","Médio","59.07","Reprovado"
1041,"Aluno 209","Matéria 3","Professor 10","2025-03-13","Fácil","27.79","Reprovado"
1042,"Aluno 209","Matéria 5","Professor 4","2025-03-13","Difícil","96.23","Aprovado"
1043,"Aluno 209","Matéria 6","Professor 3","2025-03-13","Fácil","79.28","Aprovado"
1044,"Aluno 209","Matéria 9","Professor 9","2025-03-13","Difícil","51.55","Reprovado"
1045,"Aluno 209","Matéria 2","Professor 3","2025-03-13","Fácil","27.28","Reprovado"
1046,"Aluno 210","Matéria 4","Professor 1","2025-03-13","Fácil","73.60","Aprovado"
1047,"Aluno 210","Matéria 10","Professor 3","2025-03-13","Fácil","40.94","Reprovado"
1048,"Aluno 210","Matéria 4","Professor 9","2025-03-13","Difícil","39.27","Reprovado"
1049,"Aluno 210","Matéria 10","Professor 3","2025-03-13","Difícil","77.45","Aprovado"
1050,"Aluno 210","Matéria 6","Professor 6","2025-03-13","Médio","0.06","Reprovado"
1051,"Aluno 211","Matéria 8","Professor 10","2025-03-13","Médio","64.60","Reprovado"
1052,"Aluno 211","Matéria 1","Professor 5","2025-03-13","Médio","82.67","Aprovado"
1053,"Aluno 211","Matéria 4","Professor 8","2025-03-13","Médio","17.47","Reprovado"
1054,"Aluno 211","Matéria 5","Professor 3","2025-03-13","Difícil","96.64","Aprovado"
1055,"Aluno 211","Matéria 5","Professor 3","2025-03-13","Médio","79.57","Aprovado"
1056,"Aluno 212","Matéria 8","Professor 3","2025-03-13","Fácil","62.59","Reprovado"
1057,"Aluno 212","Matéria 9","Professor 9","2025-03-13","Difícil","93.46","Aprovado"
1058,"Aluno 212","Matéria 4","Professor 4","2025-03-13","Médio","3.49","Reprovado"
1059,"Aluno 212","Matéria 9","Professor 7","2025-03-13","Difícil","31.85","Reprovado"
1060,"Aluno 212","Matéria 7","Professor 4","2025-03-13","Difícil","36.81","Reprovado"
1061,"Aluno 213","Matéria 5","Professor 7","2025-03-13","Médio","4.59","Reprovado"
1062,"Aluno 213","Matéria 8","Professor 9","2025-03-13","Fácil","0.60","Reprovado"
1063,"Aluno 213","Matéria 8","Professor 6","2025-03-13","Difícil","37.31","Reprovado"
1064,"Aluno 213","Matéria 5","Professor 1","2025-03-13","Fácil","73.27","Aprovado"
1065,"Aluno 213","Matéria 4","Professor 10","2025-03-13","Médio","39.07","Reprovado"
1066,"Aluno 214","Matéria 3","Professor 4","2025-03-13","Difícil","33.45","Reprovado"
1067,"Aluno 214","Matéria 8","Professor 8","2025-03-13","Médio","53.24","Reprovado"
1068,"Aluno 214","Matéria 7","Professor 4","2025-03-13","Difícil","95.92","Aprovado"
1069,"Aluno 214","Matéria 9","Professor 5","2025-03-13","Difícil","65.84","Reprovado"
1070,"Aluno 214","Matéria 8","Professor 7","2025-03-13","Médio","15.22","Reprovado"
1071,"Aluno 215","Matéria 1","Professor 1","2025-03-13","Médio","29.18","Reprovado"
1072,"Aluno 215","Matéria 2","Professor 4","2025-03-13","Difícil","83.07","Aprovado"
1073,"Aluno 215","Matéria 7","Professor 1","2025-03-13","Médio","66.36","Reprovado"
1074,"Aluno 215","Matéria 10","Professor 5","2025-03-13","Médio","43.83","Reprovado"
1075,"Aluno 215","Matéria 5","Professor 5","2025-03-13","Fácil","75.88","Aprovado"
1076,"Aluno 216","Matéria 2","Professor 1","2025-03-13","Difícil","28.92","Reprovado"
1077,"Aluno 216","Matéria 8","Professor 3","2025-03-13","Médio","79.47","Aprovado"
1078,"Aluno 216","Matéria 7","Professor 6","2025-03-13","Difícil","80.00","Aprovado"
1079,"Aluno 216","Matéria 7","Professor 2","2025-03-13","Difícil","67.99","Reprovado"
1080,"Aluno 216","Matéria 1","Professor 10","2025-03-13","Médio","2.48","Reprovado"
1081,"Aluno 217","Matéria 2","Professor 7","2025-03-13","Fácil","50.04","Reprovado"
1082,"Aluno 217","Matéria 10","Professor 9","2025-03-13","Médio","52.56","Reprovado"
1083,"Aluno 217","Matéria 3","Professor 4","2025-03-13","Fácil","8.38","Reprovado"
1084,"Aluno 217","Matéria 5","Professor 9","2025-03-13","Médio","71.01","Aprovado"
1085,"Aluno 217","Matéria 6","Professor 3","2025-03-13","Fácil","45.26","Reprovado"
1086,"Aluno 218","Matéria 2","Professor 6","2025-03-13","Difícil","62.33","Reprovado"
1087,"Aluno 218","Matéria 4","Professor 8","2025-03-13","Difícil","22.67","Reprovado"
1088,"Aluno 218","Matéria 7","Professor 9","2025-03-13","Difícil","83.26","Aprovado"
1089,"Aluno 218","Matéria 7","Professor 6","2025-03-13","Fácil","26.32","Reprovado"
1090,"Aluno 218","Matéria 3","Professor 2","2025-03-13","Fácil","17.09","Reprovado"
1091,"Aluno 219","Matéria 2","Professor 6","2025-03-13","Difícil","68.97","Reprovado"
1092,"Aluno 219","Matéria 4","Professor 2","2025-03-13","Médio","64.24","Reprovado"
1093,"Aluno 219","Matéria 7","Professor 1","2025-03-13","Médio","19.28","Reprovado"
1094,"Aluno 219","Matéria 8","Professor 8","2025-03-13","Fácil","74.96","Aprovado"
1095,"Aluno 219","Matéria 7","Professor 9","2025-03-13","Médio","0.57","Reprovado"
1096,"Aluno 220","Matéria 9","Professor 2","2025-03-13","Médio","62.69","Reprovado"
1097,"Aluno 220","Matéria 4","Professor 10","2025-03-13","Médio","67.49","Reprovado"
1098,"Aluno 220","Matéria 6","Professor 4","2025-03-13","Médio","64.94","Reprovado"
1099,"Aluno 220","Matéria 2","Professor 4","2025-03-13","Fácil","52.75","Reprovado"
1100,"Aluno 220","Matéria 5","Professor 9","2025-03-13","Médio","53.62","Reprovado"
1101,"Aluno 221","Matéria 3","Professor 7","2025-03-13","Difícil","68.60","Reprovado"
1102,"Aluno 221","Matéria 7","Professor 6","2025-03-13","Fácil","40.81","Reprovado"
1103,"Aluno 221","Matéria 1","Professor 1","2025-03-13","Fácil","55.45","Reprovado"
1104,"Aluno 221","Matéria 8","Professor 6","2025-03-13","Fácil","92.46","Aprovado"
1105,"Aluno 221","Matéria 5","Professor 6","2025-03-13","Fácil","28.08","Reprovado"
1106,"Aluno 222","Matéria 1","Professor 2","2025-03-13","Fácil","90.63","Aprovado"
1107,"Aluno 222","Matéria 3","Professor 3","2025-03-13","Fácil","82.65","Aprovado"
1108,"Aluno 222","Matéria 7","Professor 9","2025-03-13","Fácil","95.91","Aprovado"
1109,"Aluno 222","Matéria 6","Professor 7","2025-03-13","Fácil","6.68","Reprovado"
1110,"Aluno 222","Matéria 9","Professor 1","2025-03-13","Fácil","10.03","Reprovado"
1111,"Aluno 223","Matéria 3","Professor 4","2025-03-13","Médio","53.64","Reprovado"
1112,"Aluno 223","Matéria 9","Professor 9","2025-03-13","Médio","66.34","Reprovado"
1113,"Aluno 223","Matéria 9","Professor 7","2025-03-13","Médio","36.46","Reprovado"
1114,"Aluno 223","Matéria 9","Professor 1","2025-03-13","Difícil","96.41","Aprovado"
1115,"Aluno 223","Matéria 10","Professor 1","2025-03-13","Fácil","19.61","Reprovado"
1116,"Aluno 224","Matéria 4","Professor 1","2025-03-13","Médio","20.34","Reprovado"
1117,"Aluno 224","Matéria 8","Professor 5","2025-03-13","Difícil","55.97","Reprovado"
1118,"Aluno 224","Matéria 9","Professor 5","2025-03-13","Médio","69.27","Reprovado"
1119,"Aluno 224","Matéria 3","Professor 8","2025-03-13","Médio","61.74","Reprovado"
1120,"Aluno 224","Matéria 1","Professor 7","2025-03-13","Fácil","19.23","Reprovado"
1121,"Aluno 225","Matéria 1","Professor 1","2025-03-13","Fácil","72.77","Aprovado"
1122,"Aluno 225","Matéria 1","Professor 6","2025-03-13","Difícil","69.29","Reprovado"
1123,"Aluno 225","Matéria 5","Professor 10","2025-03-13","Médio","96.46","Aprovado"
1124,"Aluno 225","Matéria 8","Professor 7","2025-03-13","Médio","57.96","Reprovado"
1125,"Aluno 225","Matéria 9","Professor 8","2025-03-13","Difícil","59.40","Reprovado"
1126,"Aluno 226","Matéria 7","Professor 6","2025-03-13","Médio","69.96","Reprovado"
1127,"Aluno 226","Matéria 4","Professor 10","2025-03-13","Difícil","84.72","Aprovado"
1128,"Aluno 226","Matéria 4","Professor 8","2025-03-13","Fácil","60.47","Reprovado"
1129,"Aluno 226","Matéria 7","Professor 3","2025-03-13","Fácil","3.47","Reprovado"
1130,"Aluno 226","Matéria 9","Professor 6","2025-03-13","Médio","40.02","Reprovado"
1131,"Aluno 227","Matéria 3","Professor 3","2025-03-13","Difícil","58.37","Reprovado"
1132,"Aluno 227","Matéria 1","Professor 6","2025-03-13","Difícil","30.78","Reprovado"
1133,"Aluno 227","Matéria 2","Professor 2","2025-03-13","Médio","31.76","Reprovado"
1134,"Aluno 227","Matéria 2","Professor 5","2025-03-13","Difícil","20.93","Reprovado"
1135,"Aluno 227","Matéria 1","Professor 7","2025-03-13","Fácil","10.32","Reprovado"
1136,"Aluno 228","Matéria 4","Professor 10","2025-03-13","Médio","64.16","Reprovado"
1137,"Aluno 228","Matéria 4","Professor 4","2025-03-13","Difícil","57.99","Reprovado"
1138,"Aluno 228","Matéria 6","Professor 3","2025-03-13","Difícil","5.44","Reprovado"
1139,"Aluno 228","Matéria 2","Professor 1","2025-03-13","Médio","99.92","Aprovado"
1140,"Aluno 228","Matéria 8","Professor 5","2025-03-13","Fácil","71.71","Aprovado"
1141,"Aluno 229","Matéria 3","Professor 4","2025-03-13","Médio","73.09","Aprovado"
1142,"Aluno 229","Matéria 9","Professor 1","2025-03-13","Difícil","53.79","Reprovado"
1143,"Aluno 229","Matéria 2","Professor 3","2025-03-13","Difícil","75.36","Aprovado"
1144,"Aluno 229","Matéria 7","Professor 6","2025-03-13","Médio","29.45","Reprovado"
1145,"Aluno 229","Matéria 10","Professor 6","2025-03-13","Fácil","0.32","Reprovado"
1146,"Aluno 230","Matéria 7","Professor 5","2025-03-13","Fácil","32.83","Reprovado"
1147,"Aluno 230","Matéria 5","Professor 8","2025-03-13","Difícil","11.25","Reprovado"
1148,"Aluno 230","Matéria 10","Professor 10","2025-03-13","Difícil","4.80","Reprovado"
1149,"Aluno 230","Matéria 9","Professor 4","2025-03-13","Fácil","11.50","Reprovado"
1150,"Aluno 230","Matéria 7","Professor 4","2025-03-13","Médio","7.67","Reprovado"
1151,"Aluno 231","Matéria 7","Professor 6","2025-03-13","Difícil","29.55","Reprovado"
1152,"Aluno 231","Matéria 5","Professor 6","2025-03-13","Médio","49.25","Reprovado"
1153,"Aluno 231","Matéria 8","Professor 8","2025-03-13","Fácil","17.07","Reprovado"
1154,"Aluno 231","Matéria 4","Professor 6","2025-03-13","Fácil","12.31","Reprovado"
1155,"Aluno 231","Matéria 9","Professor 7","2025-03-13","Médio","14.49","Reprovado"
1156,"Aluno 232","Matéria 7","Professor 4","2025-03-13","Fácil","95.98","Aprovado"
1157,"Aluno 232","Matéria 9","Professor 3","2025-03-13","Fácil","36.42","Reprovado"
1158,"Aluno 232","Matéria 9","Professor 4","2025-03-13","Fácil","17.42","Reprovado"
1159,"Aluno 232","Matéria 2","Professor 9","2025-03-13","Difícil","5.77","Reprovado"
1160,"Aluno 232","Matéria 10","Professor 4","2025-03-13","Fácil","57.25","Reprovado"
1161,"Aluno 233","Matéria 8","Professor 5","2025-03-13","Difícil","0.57","Reprovado"
1162,"Aluno 233","Matéria 3","Professor 1","2025-03-13","Médio","51.78","Reprovado"
1163,"Aluno 233","Matéria 9","Professor 3","2025-03-13","Fácil","62.43","Reprovado"
1164,"Aluno 233","Matéria 6","Professor 6","2025-03-13","Difícil","22.12","Reprovado"
1165,"Aluno 233","Matéria 8","Professor 8","2025-03-13","Fácil","84.85","Aprovado"
1166,"Aluno 234","Matéria 6","Professor 9","2025-03-13","Fácil","4.40","Reprovado"
1167,"Aluno 234","Matéria 4","Professor 10","2025-03-13","Fácil","62.89","Reprovado"
1168,"Aluno 234","Matéria 2","Professor 4","2025-03-13","Médio","8.54","Reprovado"
1169,"Aluno 234","Matéria 7","Professor 6","2025-03-13","Fácil","5.74","Reprovado"
1170,"Aluno 234","Matéria 8","Professor 10","2025-03-13","Fácil","61.33","Reprovado"
1171,"Aluno 235","Matéria 2","Professor 9","2025-03-13","Difícil","9.80","Reprovado"
1172,"Aluno 235","Matéria 1","Professor 8","2025-03-13","Difícil","48.56","Reprovado"
1173,"Aluno 235","Matéria 3","Professor 3","2025-03-13","Difícil","64.30","Reprovado"
1174,"Aluno 235","Matéria 3","Professor 7","2025-03-13","Médio","12.20","Reprovado"
1175,"Aluno 235","Matéria 2","Professor 2","2025-03-13","Médio","80.76","Aprovado"
1176,"Aluno 236","Matéria 4","Professor 1","2025-03-13","Difícil","25.30","Reprovado"
1177,"Aluno 236","Matéria 5","Professor 8","2025-03-13","Fácil","57.32","Reprovado"
1178,"Aluno 236","Matéria 7","Professor 6","2025-03-13","Fácil","28.59","Reprovado"
1179,"Aluno 236","Matéria 8","Professor 1","2025-03-13","Médio","25.87","Reprovado"
1180,"Aluno 236","Matéria 3","Professor 1","2025-03-13","Médio","58.67","Reprovado"
1181,"Aluno 237","Matéria 5","Professor 10","2025-03-13","Médio","73.53","Aprovado"
1182,"Aluno 237","Matéria 2","Professor 9","2025-03-13","Médio","82.40","Aprovado"
1183,"Aluno 237","Matéria 10","Professor 10","2025-03-13","Difícil","0.44","Reprovado"
1184,"Aluno 237","Matéria 4","Professor 4","2025-03-13","Médio","97.28","Aprovado"
1185,"Aluno 237","Matéria 10","Professor 7","2025-03-13","Médio","48.72","Reprovado"
1186,"Aluno 238","Matéria 7","Professor 9","2025-03-13","Fácil","56.71","Reprovado"
1187,"Aluno 238","Matéria 6","Professor 5","2025-03-13","Fácil","93.88","Aprovado"
1188,"Aluno 238","Matéria 10","Professor 7","2025-03-13","Médio","64.79","Reprovado"
1189,"Aluno 238","Matéria 1","Professor 3","2025-03-13","Difícil","45.72","Reprovado"
1190,"Aluno 238","Matéria 5","Professor 3","2025-03-13","Difícil","89.68","Aprovado"
1191,"Aluno 239","Matéria 4","Professor 4","2025-03-13","Difícil","44.37","Reprovado"
1192,"Aluno 239","Matéria 4","Professor 4","2025-03-13","Médio","62.69","Reprovado"
1193,"Aluno 239","Matéria 5","Professor 4","2025-03-13","Difícil","34.64","Reprovado"
1194,"Aluno 239","Matéria 1","Professor 8","2025-03-13","Difícil","53.21","Reprovado"
1195,"Aluno 239","Matéria 8","Professor 4","2025-03-13","Difícil","75.60","Aprovado"
1196,"Aluno 240","Matéria 5","Professor 4","2025-03-13","Médio","22.24","Reprovado"
1197,"Aluno 240","Matéria 5","Professor 10","2025-03-13","Difícil","27.71","Reprovado"
1198,"Aluno 240","Matéria 1","Professor 6","2025-03-13","Fácil","14.10","Reprovado"
1199,"Aluno 240","Matéria 4","Professor 10","2025-03-13","Fácil","30.22","Reprovado"
1200,"Aluno 240","Matéria 10","Professor 7","2025-03-13","Médio","4.47","Reprovado"
1201,"Aluno 241","Matéria 8","Professor 9","2025-03-13","Difícil","84.87","Aprovado"
1202,"Aluno 241","Matéria 2","Professor 4","2025-03-13","Fácil","6.52","Reprovado"
1203,"Aluno 241","Matéria 4","Professor 10","2025-03-13","Fácil","35.90","Reprovado"
1204,"Aluno 241","Matéria 7","Professor 9","2025-03-13","Médio","22.27","Reprovado"
1205,"Aluno 241","Matéria 1","Professor 3","2025-03-13","Fácil","52.46","Reprovado"
1206,"Aluno 242","Matéria 8","Professor 6","2025-03-13","Fácil","51.78","Reprovado"
1207,"Aluno 242","Matéria 10","Professor 3","2025-03-13","Médio","93.31","Aprovado"
1208,"Aluno 242","Matéria 7","Professor 5","2025-03-13","Difícil","2.96","Reprovado"
1209,"Aluno 242","Matéria 9","Professor 7","2025-03-13","Fácil","91.00","Aprovado"
1210,"Aluno 242","Matéria 4","Professor 7","2025-03-13","Difícil","86.61","Aprovado"
1211,"Aluno 243","Matéria 10","Professor 5","2025-03-13","Médio","91.45","Aprovado"
1212,"Aluno 243","Matéria 5","Professor 10","2025-03-13","Médio","26.61","Reprovado"
1213,"Aluno 243","Matéria 3","Professor 10","2025-03-13","Difícil","21.97","Reprovado"
1214,"Aluno 243","Matéria 7","Professor 2","2025-03-13","Fácil","12.68","Reprovado"
1215,"Aluno 243","Matéria 9","Professor 2","2025-03-13","Médio","32.88","Reprovado"
1216,"Aluno 244","Matéria 7","Professor 6","2025-03-13","Fácil","15.72","Reprovado"
1217,"Aluno 244","Matéria 10","Professor 5","2025-03-13","Fácil","51.79","Reprovado"
1218,"Aluno 244","Matéria 3","Professor 10","2025-03-13","Médio","88.95","Aprovado"
1219,"Aluno 244","Matéria 8","Professor 4","2025-03-13","Difícil","89.73","Aprovado"
1220,"Aluno 244","Matéria 8","Professor 7","2025-03-13","Fácil","36.96","Reprovado"
1221,"Aluno 245","Matéria 2","Professor 9","2025-03-13","Fácil","34.48","Reprovado"
1222,"Aluno 245","Matéria 6","Professor 1","2025-03-13","Fácil","15.69","Reprovado"
1223,"Aluno 245","Matéria 4","Professor 8","2025-03-13","Difícil","11.59","Reprovado"
1224,"Aluno 245","Matéria 5","Professor 7","2025-03-13","Médio","79.57","Aprovado"
1225,"Aluno 245","Matéria 2","Professor 10","2025-03-13","Difícil","32.87","Reprovado"
1226,"Aluno 246","Matéria 2","Professor 8","2025-03-13","Difícil","24.93","Reprovado"
1227,"Aluno 246","Matéria 6","Professor 3","2025-03-13","Fácil","1.13","Reprovado"
1228,"Aluno 246","Matéria 3","Professor 4","2025-03-13","Fácil","21.96","Reprovado"
1229,"Aluno 246","Matéria 1","Professor 10","2025-03-13","Difícil","30.83","Reprovado"
1230,"Aluno 246","Matéria 3","Professor 8","2025-03-13","Médio","89.47","Aprovado"
1231,"Aluno 247","Matéria 10","Professor 9","2025-03-13","Fácil","0.67","Reprovado"
1232,"Aluno 247","Matéria 1","Professor 3","2025-03-13","Difícil","25.22","Reprovado"
1233,"Aluno 247","Matéria 5","Professor 7","2025-03-13","Fácil","64.03","Reprovado"
1234,"Aluno 247","Matéria 9","Professor 1","2025-03-13","Fácil","50.90","Reprovado"
1235,"Aluno 247","Matéria 6","Professor 2","2025-03-13","Fácil","20.03","Reprovado"
1236,"Aluno 248","Matéria 1","Professor 2","2025-03-13","Difícil","12.99","Reprovado"
1237,"Aluno 248","Matéria 10","Professor 3","2025-03-13","Fácil","62.48","Reprovado"
1238,"Aluno 248","Matéria 1","Professor 3","2025-03-13","Difícil","96.91","Aprovado"
1239,"Aluno 248","Matéria 7","Professor 3","2025-03-13","Fácil","81.65","Aprovado"
1240,"Aluno 248","Matéria 5","Professor 6","2025-03-13","Difícil","19.06","Reprovado"
1241,"Aluno 249","Matéria 9","Professor 10","2025-03-13","Médio","92.47","Aprovado"
1242,"Aluno 249","Matéria 5","Professor 10","2025-03-13","Fácil","10.73","Reprovado"
1243,"Aluno 249","Matéria 10","Professor 2","2025-03-13","Difícil","87.84","Aprovado"
1244,"Aluno 249","Matéria 9","Professor 8","2025-03-13","Médio","13.77","Reprovado"
1245,"Aluno 249","Matéria 2","Professor 2","2025-03-13","Fácil","55.83","Reprovado"
1246,"Aluno 250","Matéria 5","Professor 2","2025-03-13","Fácil","2.04","Reprovado"
1247,"Aluno 250","Matéria 6","Professor 8","2025-03-13","Fácil","96.39","Aprovado"
1248,"Aluno 250","Matéria 8","Professor 10","2025-03-13","Difícil","5.38","Reprovado"
1249,"Aluno 250","Matéria 9","Professor 2","2025-03-13","Médio","34.40","Reprovado"
1250,"Aluno 250","Matéria 3","Professor 8","2025-03-13","Difícil","96.10","Aprovado"
1251,"Aluno 251","Matéria 5","Professor 4","2025-03-13","Difícil","68.78","Reprovado"
1252,"Aluno 251","Matéria 1","Professor 7","2025-03-13","Fácil","26.27","Reprovado"
1253,"Aluno 251","Matéria 6","Professor 3","2025-03-13","Difícil","14.17","Reprovado"
1254,"Aluno 251","Matéria 7","Professor 7","2025-03-13","Difícil","40.53","Reprovado"
1255,"Aluno 251","Matéria 3","Professor 4","2025-03-13","Difícil","5.48","Reprovado"
1256,"Aluno 252","Matéria 7","Professor 1","2025-03-13","Médio","87.82","Aprovado"
1257,"Aluno 252","Matéria 5","Professor 5","2025-03-13","Fácil","50.29","Reprovado"
1258,"Aluno 252","Matéria 9","Professor 2","2025-03-13","Fácil","80.49","Aprovado"
1259,"Aluno 252","Matéria 2","Professor 9","2025-03-13","Difícil","63.81","Reprovado"
1260,"Aluno 252","Matéria 6","Professor 10","2025-03-13","Difícil","2.94","Reprovado"
1261,"Aluno 253","Matéria 5","Professor 6","2025-03-13","Médio","81.82","Aprovado"
1262,"Aluno 253","Matéria 1","Professor 8","2025-03-13","Médio","30.74","Reprovado"
1263,"Aluno 253","Matéria 4","Professor 7","2025-03-13","Difícil","41.15","Reprovado"
1264,"Aluno 253","Matéria 1","Professor 9","2025-03-13","Fácil","88.00","Aprovado"
1265,"Aluno 253","Matéria 10","Professor 10","2025-03-13","Difícil","18.09","Reprovado"
1266,"Aluno 254","Matéria 6","Professor 6","2025-03-13","Fácil","48.93","Reprovado"
1267,"Aluno 254","Matéria 2","Professor 2","2025-03-13","Fácil","24.36","Reprovado"
1268,"Aluno 254","Matéria 6","Professor 2","2025-03-13","Fácil","65.98","Reprovado"
1269,"Aluno 254","Matéria 10","Professor 2","2025-03-13","Médio","12.93","Reprovado"
1270,"Aluno 254","Matéria 3","Professor 5","2025-03-13","Fácil","93.62","Aprovado"
1271,"Aluno 255","Matéria 2","Professor 3","2025-03-13","Fácil","79.81","Aprovado"
1272,"Aluno 255","Matéria 8","Professor 3","2025-03-13","Médio","26.90","Reprovado"
1273,"Aluno 255","Matéria 9","Professor 4","2025-03-13","Fácil","26.52","Reprovado"
1274,"Aluno 255","Matéria 7","Professor 1","2025-03-13","Médio","97.46","Aprovado"
1275,"Aluno 255","Matéria 3","Professor 6","2025-03-13","Fácil","3.60","Reprovado"
1276,"Aluno 256","Matéria 5","Professor 8","2025-03-13","Fácil","65.06","Reprovado"
1277,"Aluno 256","Matéria 5","Professor 4","2025-03-13","Difícil","32.16","Reprovado"
1278,"Aluno 256","Matéria 4","Professor 5","2025-03-13","Difícil","69.47","Reprovado"
1279,"Aluno 256","Matéria 8","Professor 7","2025-03-13","Fácil","20.79","Reprovado"
1280,"Aluno 256","Matéria 3","Professor 8","2025-03-13","Difícil","92.33","Aprovado"
1281,"Aluno 257","Matéria 1","Professor 6","2025-03-13","Difícil","33.12","Reprovado"
1282,"Aluno 257","Matéria 6","Professor 7","2025-03-13","Médio","81.09","Aprovado"
1283,"Aluno 257","Matéria 6","Professor 2","2025-03-13","Difícil","88.92","Aprovado"
1284,"Aluno 257","Matéria 10","Professor 1","2025-03-13","Difícil","44.74","Reprovado"
1285,"Aluno 257","Matéria 8","Professor 3","2025-03-13","Fácil","74.37","Aprovado"
1286,"Aluno 258","Matéria 7","Professor 3","2025-03-13","Fácil","0.25","Reprovado"
1287,"Aluno 258","Matéria 9","Professor 2","2025-03-13","Fácil","57.48","Reprovado"
1288,"Aluno 258","Matéria 8","Professor 3","2025-03-13","Fácil","31.39","Reprovado"
1289,"Aluno 258","Matéria 5","Professor 3","2025-03-13","Médio","60.60","Reprovado"
1290,"Aluno 258","Matéria 9","Professor 10","2025-03-13","Fácil","29.23","Reprovado"
1291,"Aluno 259","Matéria 6","Professor 4","2025-03-13","Médio","43.55","Reprovado"
1292,"Aluno 259","Matéria 9","Professor 9","2025-03-13","Fácil","85.01","Aprovado"
1293,"Aluno 259","Matéria 1","Professor 8","2025-03-13","Difícil","62.41","Reprovado"
1294,"Aluno 259","Matéria 8","Professor 2","2025-03-13","Difícil","19.92","Reprovado"
1295,"Aluno 259","Matéria 4","Professor 7","2025-03-13","Médio","27.99","Reprovado"
1296,"Aluno 260","Matéria 9","Professor 4","2025-03-13","Médio","96.81","Aprovado"
1297,"Aluno 260","Matéria 10","Professor 5","2025-03-13","Fácil","77.12","Aprovado"
1298,"Aluno 260","Matéria 8","Professor 9","2025-03-13","Difícil","66.55","Reprovado"
1299,"Aluno 260","Matéria 4","Professor 8","2025-03-13","Difícil","28.82","Reprovado"
1300,"Aluno 260","Matéria 6","Professor 9","2025-03-13","Médio","51.53","Reprovado"
1301,"Aluno 261","Matéria 1","Professor 9","2025-03-13","Fácil","75.20","Aprovado"
1302,"Aluno 261","Matéria 5","Professor 8","2025-03-13","Fácil","93.15","Aprovado"
1303,"Aluno 261","Matéria 2","Professor 10","2025-03-13","Fácil","13.42","Reprovado"
1304,"Aluno 261","Matéria 9","Professor 9","2025-03-13","Médio","41.12","Reprovado"
1305,"Aluno 261","Matéria 3","Professor 6","2025-03-13","Fácil","16.25","Reprovado"
1306,"Aluno 262","Matéria 9","Professor 8","2025-03-13","Fácil","92.88","Aprovado"
1307,"Aluno 262","Matéria 9","Professor 4","2025-03-13","Fácil","78.16","Aprovado"
1308,"Aluno 262","Matéria 4","Professor 9","2025-03-13","Difícil","37.98","Reprovado"
1309,"Aluno 262","Matéria 9","Professor 1","2025-03-13","Médio","11.48","Reprovado"
1310,"Aluno 262","Matéria 1","Professor 2","2025-03-13","Difícil","93.45","Aprovado"
1311,"Aluno 263","Matéria 7","Professor 10","2025-03-13","Médio","62.71","Reprovado"
1312,"Aluno 263","Matéria 3","Professor 5","2025-03-13","Difícil","48.49","Reprovado"
1313,"Aluno 263","Matéria 9","Professor 7","2025-03-13","Difícil","65.09","Reprovado"
1314,"Aluno 263","Matéria 4","Professor 1","2025-03-13","Médio","20.64","Reprovado"
1315,"Aluno 263","Matéria 3","Professor 4","2025-03-13","Difícil","11.92","Reprovado"
1316,"Aluno 264","Matéria 4","Professor 7","2025-03-13","Difícil","97.15","Aprovado"
1317,"Aluno 264","Matéria 5","Professor 5","2025-03-13","Médio","41.38","Reprovado"
1318,"Aluno 264","Matéria 8","Professor 7","2025-03-13","Difícil","21.08","Reprovado"
1319,"Aluno 264","Matéria 8","Professor 6","2025-03-13","Fácil","76.30","Aprovado"
1320,"Aluno 264","Matéria 2","Professor 8","2025-03-13","Fácil","35.30","Reprovado"
1321,"Aluno 265","Matéria 9","Professor 1","2025-03-13","Médio","35.81","Reprovado"
1322,"Aluno 265","Matéria 5","Professor 4","2025-03-13","Médio","1.54","Reprovado"
1323,"Aluno 265","Matéria 7","Professor 1","2025-03-13","Médio","86.13","Aprovado"
1324,"Aluno 265","Matéria 7","Professor 3","2025-03-13","Fácil","53.84","Reprovado"
1325,"Aluno 265","Matéria 6","Professor 3","2025-03-13","Médio","94.81","Aprovado"
1326,"Aluno 266","Matéria 6","Professor 5","2025-03-13","Médio","85.96","Aprovado"
1327,"Aluno 266","Matéria 3","Professor 7","2025-03-13","Médio","81.78","Aprovado"
1328,"Aluno 266","Matéria 10","Professor 3","2025-03-13","Fácil","57.54","Reprovado"
1329,"Aluno 266","Matéria 5","Professor 9","2025-03-13","Médio","78.99","Aprovado"
1330,"Aluno 266","Matéria 3","Professor 3","2025-03-13","Fácil","23.93","Reprovado"
1331,"Aluno 267","Matéria 3","Professor 8","2025-03-13","Fácil","75.79","Aprovado"
1332,"Aluno 267","Matéria 10","Professor 4","2025-03-13","Fácil","37.71","Reprovado"
1333,"Aluno 267","Matéria 6","Professor 5","2025-03-13","Difícil","98.89","Aprovado"
1334,"Aluno 267","Matéria 8","Professor 1","2025-03-13","Fácil","81.52","Aprovado"
1335,"Aluno 267","Matéria 2","Professor 6","2025-03-13","Fácil","57.55","Reprovado"
1336,"Aluno 268","Matéria 2","Professor 4","2025-03-13","Fácil","87.89","Aprovado"
1337,"Aluno 268","Matéria 10","Professor 7","2025-03-13","Difícil","85.83","Aprovado"
1338,"Aluno 268","Matéria 10","Professor 4","2025-03-13","Fácil","10.11","Reprovado"
1339,"Aluno 268","Matéria 7","Professor 7","2025-03-13","Fácil","8.38","Reprovado"
1340,"Aluno 268","Matéria 1","Professor 7","2025-03-13","Difícil","80.36","Aprovado"
1341,"Aluno 269","Matéria 7","Professor 3","2025-03-13","Médio","46.99","Reprovado"
1342,"Aluno 269","Matéria 6","Professor 7","2025-03-13","Difícil","94.35","Aprovado"
1343,"Aluno 269","Matéria 6","Professor 8","2025-03-13","Médio","19.38","Reprovado"
1344,"Aluno 269","Matéria 7","Professor 10","2025-03-13","Difícil","33.21","Reprovado"
1345,"Aluno 269","Matéria 8","Professor 9","2025-03-13","Fácil","82.12","Aprovado"
1346,"Aluno 270","Matéria 6","Professor 9","2025-03-13","Médio","88.56","Aprovado"
1347,"Aluno 270","Matéria 5","Professor 9","2025-03-13","Fácil","70.45","Aprovado"
1348,"Aluno 270","Matéria 9","Professor 4","2025-03-13","Médio","84.74","Aprovado"
1349,"Aluno 270","Matéria 3","Professor 5","2025-03-13","Médio","8.20","Reprovado"
1350,"Aluno 270","Matéria 3","Professor 1","2025-03-13","Difícil","18.83","Reprovado"
1351,"Aluno 271","Matéria 1","Professor 10","2025-03-13","Difícil","79.40","Aprovado"
1352,"Aluno 271","Matéria 6","Professor 8","2025-03-13","Médio","48.38","Reprovado"
1353,"Aluno 271","Matéria 5","Professor 10","2025-03-13","Difícil","30.45","Reprovado"
1354,"Aluno 271","Matéria 10","Professor 4","2025-03-13","Fácil","24.47","Reprovado"
1355,"Aluno 271","Matéria 8","Professor 6","2025-03-13","Fácil","64.93","Reprovado"
1356,"Aluno 272","Matéria 6","Professor 9","2025-03-13","Médio","69.60","Reprovado"
1357,"Aluno 272","Matéria 5","Professor 1","2025-03-13","Difícil","30.42","Reprovado"
1358,"Aluno 272","Matéria 7","Professor 3","2025-03-13","Fácil","95.36","Aprovado"
1359,"Aluno 272","Matéria 4","Professor 10","2025-03-13","Fácil","69.82","Reprovado"
1360,"Aluno 272","Matéria 8","Professor 10","2025-03-13","Difícil","31.57","Reprovado"
1361,"Aluno 273","Matéria 8","Professor 3","2025-03-13","Difícil","17.05","Reprovado"
1362,"Aluno 273","Matéria 6","Professor 6","2025-03-13","Médio","56.76","Reprovado"
1363,"Aluno 273","Matéria 5","Professor 2","2025-03-13","Difícil","90.50","Aprovado"
1364,"Aluno 273","Matéria 5","Professor 7","2025-03-13","Fácil","51.97","Reprovado"
1365,"Aluno 273","Matéria 6","Professor 4","2025-03-13","Médio","52.48","Reprovado"
1366,"Aluno 274","Matéria 7","Professor 2","2025-03-13","Difícil","41.67","Reprovado"
1367,"Aluno 274","Matéria 10","Professor 10","2025-03-13","Difícil","31.41","Reprovado"
1368,"Aluno 274","Matéria 10","Professor 6","2025-03-13","Médio","74.49","Aprovado"
1369,"Aluno 274","Matéria 7","Professor 4","2025-03-13","Fácil","93.94","Aprovado"
1370,"Aluno 274","Matéria 7","Professor 3","2025-03-13","Fácil","39.77","Reprovado"
1371,"Aluno 275","Matéria 2","Professor 3","2025-03-13","Difícil","84.91","Aprovado"
1372,"Aluno 275","Matéria 8","Professor 3","2025-03-13","Médio","82.00","Aprovado"
1373,"Aluno 275","Matéria 8","Professor 7","2025-03-13","Difícil","15.35","Reprovado"
1374,"Aluno 275","Matéria 8","Professor 6","2025-03-13","Médio","82.05","Aprovado"
1375,"Aluno 275","Matéria 3","Professor 9","2025-03-13","Difícil","77.23","Aprovado"
1376,"Aluno 276","Matéria 5","Professor 8","2025-03-13","Médio","62.86","Reprovado"
1377,"Aluno 276","Matéria 10","Professor 8","2025-03-13","Difícil","42.52","Reprovado"
1378,"Aluno 276","Matéria 8","Professor 2","2025-03-13","Médio","43.40","Reprovado"
1379,"Aluno 276","Matéria 6","Professor 4","2025-03-13","Médio","56.15","Reprovado"
1380,"Aluno 276","Matéria 8","Professor 10","2025-03-13","Médio","27.97","Reprovado"
1381,"Aluno 277","Matéria 4","Professor 2","2025-03-13","Difícil","27.77","Reprovado"
1382,"Aluno 277","Matéria 2","Professor 1","2025-03-13","Fácil","28.12","Reprovado"
1383,"Aluno 277","Matéria 6","Professor 6","2025-03-13","Difícil","31.15","Reprovado"
1384,"Aluno 277","Matéria 8","Professor 3","2025-03-13","Difícil","22.19","Reprovado"
1385,"Aluno 277","Matéria 10","Professor 2","2025-03-13","Médio","93.92","Aprovado"
1386,"Aluno 278","Matéria 8","Professor 10","2025-03-13","Fácil","98.64","Aprovado"
1387,"Aluno 278","Matéria 2","Professor 8","2025-03-13","Fácil","94.26","Aprovado"
1388,"Aluno 278","Matéria 5","Professor 6","2025-03-13","Médio","32.35","Reprovado"
1389,"Aluno 278","Matéria 4","Professor 2","2025-03-13","Fácil","72.66","Aprovado"
1390,"Aluno 278","Matéria 5","Professor 3","2025-03-13","Médio","87.56","Aprovado"
1391,"Aluno 279","Matéria 4","Professor 4","2025-03-13","Fácil","1.71","Reprovado"
1392,"Aluno 279","Matéria 2","Professor 9","2025-03-13","Fácil","66.18","Reprovado"
1393,"Aluno 279","Matéria 8","Professor 9","2025-03-13","Médio","21.91","Reprovado"
1394,"Aluno 279","Matéria 6","Professor 4","2025-03-13","Médio","92.56","Aprovado"
1395,"Aluno 279","Matéria 7","Professor 7","2025-03-13","Difícil","15.10","Reprovado"
1396,"Aluno 280","Matéria 1","Professor 5","2025-03-13","Fácil","67.28","Reprovado"
1397,"Aluno 280","Matéria 4","Professor 5","2025-03-13","Fácil","59.52","Reprovado"
1398,"Aluno 280","Matéria 8","Professor 7","2025-03-13","Fácil","74.32","Aprovado"
1399,"Aluno 280","Matéria 5","Professor 9","2025-03-13","Médio","83.14","Aprovado"
1400,"Aluno 280","Matéria 6","Professor 3","2025-03-13","Difícil","16.63","Reprovado"
1401,"Aluno 281","Matéria 3","Professor 2","2025-03-13","Difícil","86.90","Aprovado"
1402,"Aluno 281","Matéria 2","Professor 3","2025-03-13","Difícil","15.86","Reprovado"
1403,"Aluno 281","Matéria 1","Professor 3","2025-03-13","Médio","78.38","Aprovado"
1404,"Aluno 281","Matéria 8","Professor 3","2025-03-13","Fácil","54.34","Reprovado"
1405,"Aluno 281","Matéria 8","Professor 1","2025-03-13","Fácil","38.63","Reprovado"
1406,"Aluno 282","Matéria 2","Professor 2","2025-03-13","Difícil","39.42","Reprovado"
1407,"Aluno 282","Matéria 5","Professor 9","2025-03-13","Fácil","62.91","Reprovado"
1408,"Aluno 282","Matéria 3","Professor 2","2025-03-13","Difícil","87.63","Aprovado"
1409,"Aluno 282","Matéria 2","Professor 4","2025-03-13","Fácil","13.48","Reprovado"
1410,"Aluno 282","Matéria 5","Professor 5","2025-03-13","Fácil","60.92","Reprovado"
1411,"Aluno 283","Matéria 9","Professor 9","2025-03-13","Difícil","15.60","Reprovado"
1412,"Aluno 283","Matéria 8","Professor 8","2025-03-13","Fácil","64.87","Reprovado"
1413,"Aluno 283","Matéria 5","Professor 2","2025-03-13","Fácil","97.88","Aprovado"
1414,"Aluno 283","Matéria 3","Professor 10","2025-03-13","Fácil","65.84","Reprovado"
1415,"Aluno 283","Matéria 4","Professor 2","2025-03-13","Médio","30.77","Reprovado"
1416,"Aluno 284","Matéria 10","Professor 7","2025-03-13","Fácil","36.63","Reprovado"
1417,"Aluno 284","Matéria 5","Professor 9","2025-03-13","Difícil","66.11","Reprovado"
1418,"Aluno 284","Matéria 8","Professor 6","2025-03-13","Médio","33.39","Reprovado"
1419,"Aluno 284","Matéria 1","Professor 2","2025-03-13","Médio","33.56","Reprovado"
1420,"Aluno 284","Matéria 7","Professor 10","2025-03-13","Médio","93.19","Aprovado"
1421,"Aluno 285","Matéria 1","Professor 10","2025-03-13","Difícil","11.19","Reprovado"
1422,"Aluno 285","Matéria 7","Professor 5","2025-03-13","Difícil","37.22","Reprovado"
1423,"Aluno 285","Matéria 4","Professor 3","2025-03-13","Difícil","15.68","Reprovado"
1424,"Aluno 285","Matéria 10","Professor 5","2025-03-13","Difícil","45.77","Reprovado"
1425,"Aluno 285","Matéria 2","Professor 8","2025-03-13","Médio","58.23","Reprovado"
1426,"Aluno 286","Matéria 3","Professor 8","2025-03-13","Médio","73.65","Aprovado"
1427,"Aluno 286","Matéria 2","Professor 2","2025-03-13","Fácil","37.09","Reprovado"
1428,"Aluno 286","Matéria 5","Professor 7","2025-03-13","Médio","80.61","Aprovado"
1429,"Aluno 286","Matéria 9","Professor 8","2025-03-13","Médio","36.04","Reprovado"
1430,"Aluno 286","Matéria 9","Professor 3","2025-03-13","Médio","27.21","Reprovado"
1431,"Aluno 287","Matéria 2","Professor 3","2025-03-13","Médio","76.82","Aprovado"
1432,"Aluno 287","Matéria 10","Professor 2","2025-03-13","Fácil","59.37","Reprovado"
1433,"Aluno 287","Matéria 5","Professor 3","2025-03-13","Fácil","5.16","Reprovado"
1434,"Aluno 287","Matéria 8","Professor 1","2025-03-13","Médio","18.16","Reprovado"
1435,"Aluno 287","Matéria 1","Professor 8","2025-03-13","Médio","0.81","Reprovado"
1436,"Aluno 288","Matéria 10","Professor 7","2025-03-13","Médio","57.96","Reprovado"
1437,"Aluno 288","Matéria 5","Professor 6","2025-03-13","Fácil","44.62","Reprovado"
1438,"Aluno 288","Matéria 8","Professor 6","2025-03-13","Médio","9.70","Reprovado"
1439,"Aluno 288","Matéria 10","Professor 1","2025-03-13","Fácil","40.70","Reprovado"
1440,"Aluno 288","Matéria 1","Professor 9","2025-03-13","Médio","6.04","Reprovado"
1441,"Aluno 289","Matéria 7","Professor 10","2025-03-13","Médio","95.93","Aprovado"
1442,"Aluno 289","Matéria 3","Professor 8","2025-03-13","Difícil","15.64","Reprovado"
1443,"Aluno 289","Matéria 8","Professor 9","2025-03-13","Difícil","57.22","Reprovado"
1444,"Aluno 289","Matéria 3","Professor 3","2025-03-13","Fácil","48.24","Reprovado"
1445,"Aluno 289","Matéria 3","Professor 8","2025-03-13","Médio","12.98","Reprovado"
1446,"Aluno 290","Matéria 7","Professor 6","2025-03-13","Médio","40.69","Reprovado"
1447,"Aluno 290","Matéria 3","Professor 7","2025-03-13","Médio","77.49","Aprovado"
1448,"Aluno 290","Matéria 8","Professor 9","2025-03-13","Difícil","98.50","Aprovado"
1449,"Aluno 290","Matéria 10","Professor 8","2025-03-13","Fácil","55.40","Reprovado"
1450,"Aluno 290","Matéria 2","Professor 3","2025-03-13","Fácil","17.94","Reprovado"
1451,"Aluno 291","Matéria 10","Professor 10","2025-03-13","Fácil","47.29","Reprovado"
1452,"Aluno 291","Matéria 7","Professor 5","2025-03-13","Médio","27.30","Reprovado"
1453,"Aluno 291","Matéria 4","Professor 10","2025-03-13","Difícil","48.16","Reprovado"
1454,"Aluno 291","Matéria 2","Professor 9","2025-03-13","Difícil","80.02","Aprovado"
1455,"Aluno 291","Matéria 6","Professor 3","2025-03-13","Médio","87.48","Aprovado"
1456,"Aluno 292","Matéria 8","Professor 6","2025-03-13","Difícil","39.04","Reprovado"
1457,"Aluno 292","Matéria 1","Professor 9","2025-03-13","Fácil","27.50","Reprovado"
1458,"Aluno 292","Matéria 3","Professor 4","2025-03-13","Médio","29.93","Reprovado"
1459,"Aluno 292","Matéria 1","Professor 3","2025-03-13","Fácil","65.49","Reprovado"
1460,"Aluno 292","Matéria 6","Professor 1","2025-03-13","Fácil","87.85","Aprovado"
1461,"Aluno 293","Matéria 8","Professor 6","2025-03-13","Fácil","72.29","Aprovado"
1462,"Aluno 293","Matéria 7","Professor 7","2025-03-13","Médio","79.28","Aprovado"
1463,"Aluno 293","Matéria 1","Professor 8","2025-03-13","Médio","6.35","Reprovado"
1464,"Aluno 293","Matéria 3","Professor 3","2025-03-13","Difícil","51.51","Reprovado"
1465,"Aluno 293","Matéria 5","Professor 7","2025-03-13","Difícil","45.27","Reprovado"
1466,"Aluno 294","Matéria 4","Professor 4","2025-03-13","Difícil","39.51","Reprovado"
1467,"Aluno 294","Matéria 1","Professor 1","2025-03-13","Difícil","52.38","Reprovado"
1468,"Aluno 294","Matéria 7","Professor 6","2025-03-13","Médio","99.09","Aprovado"
1469,"Aluno 294","Matéria 10","Professor 4","2025-03-13","Fácil","64.19","Reprovado"
1470,"Aluno 294","Matéria 1","Professor 4","2025-03-13","Difícil","44.23","Reprovado"
1471,"Aluno 295","Matéria 8","Professor 1","2025-03-13","Médio","52.86","Reprovado"
1472,"Aluno 295","Matéria 4","Professor 10","2025-03-13","Fácil","22.03","Reprovado"
1473,"Aluno 295","Matéria 6","Professor 9","2025-03-13","Médio","70.66","Aprovado"
1474,"Aluno 295","Matéria 8","Professor 10","2025-03-13","Difícil","99.58","Aprovado"
1475,"Aluno 295","Matéria 8","Professor 1","2025-03-13","Fácil","12.75","Reprovado"
1476,"Aluno 296","Matéria 3","Professor 8","2025-03-13","Médio","73.54","Aprovado"
1477,"Aluno 296","Matéria 8","Professor 5","2025-03-13","Médio","6.09","Reprovado"
1478,"Aluno 296","Matéria 4","Professor 9","2025-03-13","Fácil","11.40","Reprovado"
1479,"Aluno 296","Matéria 3","Professor 1","2025-03-13","Difícil","36.72","Reprovado"
1480,"Aluno 296","Matéria 7","Professor 1","2025-03-13","Médio","89.06","Aprovado"
1481,"Aluno 297","Matéria 7","Professor 5","2025-03-13","Fácil","24.65","Reprovado"
1482,"Aluno 297","Matéria 3","Professor 3","2025-03-13","Médio","13.54","Reprovado"
1483,"Aluno 297","Matéria 2","Professor 10","2025-03-13","Médio","1.03","Reprovado"
1484,"Aluno 297","Matéria 1","Professor 7","2025-03-13","Fácil","87.84","Aprovado"
1485,"Aluno 297","Matéria 3","Professor 2","2025-03-13","Difícil","82.96","Aprovado"
1486,"Aluno 298","Matéria 6","Professor 10","2025-03-13","Fácil","87.02","Aprovado"
1487,"Aluno 298","Matéria 10","Professor 6","2025-03-13","Difícil","72.60","Aprovado"
1488,"Aluno 298","Matéria 9","Professor 7","2025-03-13","Fácil","33.00","Reprovado"
1489,"Aluno 298","Matéria 6","Professor 4","2025-03-13","Fácil","18.42","Reprovado"
1490,"Aluno 298","Matéria 5","Professor 5","2025-03-13","Difícil","68.30","Reprovado"
1491,"Aluno 299","Matéria 5","Professor 8","2025-03-13","Fácil","32.64","Reprovado"
1492,"Aluno 299","Matéria 5","Professor 1","2025-03-13","Médio","39.43","Reprovado"
1493,"Aluno 299","Matéria 10","Professor 1","2025-03-13","Médio","31.76","Reprovado"
1494,"Aluno 299","Matéria 7","Professor 2","2025-03-13","Fácil","30.95","Reprovado"
1495,"Aluno 299","Matéria 8","Professor 1","2025-03-13","Difícil","39.00","Reprovado"
1496,"Aluno 300","Matéria 7","Professor 5","2025-03-13","Difícil","37.27","Reprovado"
1497,"Aluno 300","Matéria 4","Professor 8","2025-03-13","Médio","29.02","Reprovado"
1498,"Aluno 300","Matéria 4","Professor 5","2025-03-13","Fácil","49.81","Reprovado"
1499,"Aluno 300","Matéria 6","Professor 8","2025-03-13","Difícil","30.17","Reprovado"
1500,"Aluno 300","Matéria 5","Professor 3","2025-03-13","Fácil","13.74","Reprovado"
1501,"Aluno 301","Matéria 2","Professor 8","2025-03-13","Médio","30.49","Reprovado"
1502,"Aluno 301","Matéria 3","Professor 8","2025-03-13","Médio","76.74","Aprovado"
1503,"Aluno 301","Matéria 10","Professor 8","2025-03-13","Difícil","34.48","Reprovado"
1504,"Aluno 301","Matéria 1","Professor 1","2025-03-13","Fácil","83.40","Aprovado"
1505,"Aluno 301","Matéria 9","Professor 2","2025-03-13","Fácil","51.71","Reprovado"
1506,"Aluno 302","Matéria 8","Professor 3","2025-03-13","Médio","51.05","Reprovado"
1507,"Aluno 302","Matéria 5","Professor 6","2025-03-13","Médio","67.73","Reprovado"
1508,"Aluno 302","Matéria 1","Professor 3","2025-03-13","Médio","45.53","Reprovado"
1509,"Aluno 302","Matéria 4","Professor 10","2025-03-13","Médio","50.30","Reprovado"
1510,"Aluno 302","Matéria 4","Professor 7","2025-03-13","Médio","37.41","Reprovado"
1511,"Aluno 303","Matéria 9","Professor 8","2025-03-13","Médio","26.54","Reprovado"
1512,"Aluno 303","Matéria 10","Professor 6","2025-03-13","Difícil","10.87","Reprovado"
1513,"Aluno 303","Matéria 5","Professor 6","2025-03-13","Médio","17.27","Reprovado"
1514,"Aluno 303","Matéria 9","Professor 10","2025-03-13","Difícil","50.86","Reprovado"
1515,"Aluno 303","Matéria 7","Professor 4","2025-03-13","Médio","65.81","Reprovado"
1516,"Aluno 304","Matéria 4","Professor 8","2025-03-13","Difícil","31.87","Reprovado"
1517,"Aluno 304","Matéria 8","Professor 7","2025-03-13","Médio","93.10","Aprovado"
1518,"Aluno 304","Matéria 7","Professor 3","2025-03-13","Médio","76.56","Aprovado"
1519,"Aluno 304","Matéria 4","Professor 10","2025-03-13","Médio","80.43","Aprovado"
1520,"Aluno 304","Matéria 9","Professor 9","2025-03-13","Fácil","7.20","Reprovado"
1521,"Aluno 305","Matéria 4","Professor 1","2025-03-13","Difícil","11.63","Reprovado"
1522,"Aluno 305","Matéria 2","Professor 10","2025-03-13","Difícil","11.78","Reprovado"
1523,"Aluno 305","Matéria 9","Professor 10","2025-03-13","Difícil","61.99","Reprovado"
1524,"Aluno 305","Matéria 3","Professor 10","2025-03-13","Difícil","11.72","Reprovado"
1525,"Aluno 305","Matéria 9","Professor 7","2025-03-13","Médio","10.10","Reprovado"
1526,"Aluno 306","Matéria 3","Professor 5","2025-03-13","Difícil","18.83","Reprovado"
1527,"Aluno 306","Matéria 5","Professor 2","2025-03-13","Difícil","14.92","Reprovado"
1528,"Aluno 306","Matéria 8","Professor 8","2025-03-13","Médio","64.74","Reprovado"
1529,"Aluno 306","Matéria 6","Professor 4","2025-03-13","Difícil","0.73","Reprovado"
1530,"Aluno 306","Matéria 2","Professor 7","2025-03-13","Fácil","66.74","Reprovado"
1531,"Aluno 307","Matéria 2","Professor 9","2025-03-13","Médio","96.71","Aprovado"
1532,"Aluno 307","Matéria 10","Professor 10","2025-03-13","Médio","62.34","Reprovado"
1533,"Aluno 307","Matéria 5","Professor 6","2025-03-13","Difícil","74.89","Aprovado"
1534,"Aluno 307","Matéria 7","Professor 6","2025-03-13","Médio","42.23","Reprovado"
1535,"Aluno 307","Matéria 2","Professor 3","2025-03-13","Fácil","3.07","Reprovado"
1536,"Aluno 308","Matéria 5","Professor 4","2025-03-13","Difícil","69.23","Reprovado"
1537,"Aluno 308","Matéria 7","Professor 8","2025-03-13","Médio","21.13","Reprovado"
1538,"Aluno 308","Matéria 4","Professor 6","2025-03-13","Fácil","99.73","Aprovado"
1539,"Aluno 308","Matéria 3","Professor 5","2025-03-13","Fácil","4.21","Reprovado"
1540,"Aluno 308","Matéria 8","Professor 8","2025-03-13","Médio","60.44","Reprovado"
1541,"Aluno 309","Matéria 10","Professor 6","2025-03-13","Médio","61.91","Reprovado"
1542,"Aluno 309","Matéria 6","Professor 2","2025-03-13","Difícil","86.05","Aprovado"
1543,"Aluno 309","Matéria 6","Professor 4","2025-03-13","Médio","65.80","Reprovado"
1544,"Aluno 309","Matéria 10","Professor 5","2025-03-13","Difícil","68.28","Reprovado"
1545,"Aluno 309","Matéria 4","Professor 4","2025-03-13","Médio","34.80","Reprovado"
1546,"Aluno 310","Matéria 5","Professor 8","2025-03-13","Médio","80.72","Aprovado"
1547,"Aluno 310","Matéria 2","Professor 6","2025-03-13","Médio","29.77","Reprovado"
1548,"Aluno 310","Matéria 7","Professor 6","2025-03-13","Médio","11.29","Reprovado"
1549,"Aluno 310","Matéria 5","Professor 1","2025-03-13","Fácil","92.58","Aprovado"
1550,"Aluno 310","Matéria 6","Professor 8","2025-03-13","Médio","85.69","Aprovado"
1551,"Aluno 311","Matéria 3","Professor 8","2025-03-13","Difícil","56.22","Reprovado"
1552,"Aluno 311","Matéria 9","Professor 8","2025-03-13","Difícil","16.42","Reprovado"
1553,"Aluno 311","Matéria 8","Professor 2","2025-03-13","Difícil","96.77","Aprovado"
1554,"Aluno 311","Matéria 5","Professor 5","2025-03-13","Fácil","5.27","Reprovado"
1555,"Aluno 311","Matéria 9","Professor 10","2025-03-13","Difícil","70.34","Aprovado"
1556,"Aluno 312","Matéria 7","Professor 2","2025-03-13","Médio","13.07","Reprovado"
1557,"Aluno 312","Matéria 8","Professor 9","2025-03-13","Médio","94.52","Aprovado"
1558,"Aluno 312","Matéria 6","Professor 7","2025-03-13","Médio","66.36","Reprovado"
1559,"Aluno 312","Matéria 6","Professor 5","2025-03-13","Difícil","91.76","Aprovado"
1560,"Aluno 312","Matéria 5","Professor 7","2025-03-13","Fácil","40.80","Reprovado"
1561,"Aluno 313","Matéria 4","Professor 1","2025-03-13","Difícil","25.26","Reprovado"
1562,"Aluno 313","Matéria 7","Professor 4","2025-03-13","Médio","9.65","Reprovado"
1563,"Aluno 313","Matéria 3","Professor 3","2025-03-13","Fácil","12.21","Reprovado"
1564,"Aluno 313","Matéria 4","Professor 4","2025-03-13","Médio","82.58","Aprovado"
1565,"Aluno 313","Matéria 3","Professor 2","2025-03-13","Difícil","89.54","Aprovado"
1566,"Aluno 314","Matéria 4","Professor 1","2025-03-13","Difícil","44.23","Reprovado"
1567,"Aluno 314","Matéria 5","Professor 7","2025-03-13","Fácil","24.82","Reprovado"
1568,"Aluno 314","Matéria 8","Professor 9","2025-03-13","Fácil","67.37","Reprovado"
1569,"Aluno 314","Matéria 10","Professor 2","2025-03-13","Médio","61.59","Reprovado"
1570,"Aluno 314","Matéria 5","Professor 1","2025-03-13","Médio","91.62","Aprovado"
1571,"Aluno 315","Matéria 5","Professor 4","2025-03-13","Difícil","19.44","Reprovado"
1572,"Aluno 315","Matéria 10","Professor 1","2025-03-13","Fácil","71.24","Aprovado"
1573,"Aluno 315","Matéria 10","Professor 7","2025-03-13","Médio","70.38","Aprovado"
1574,"Aluno 315","Matéria 8","Professor 9","2025-03-13","Médio","90.29","Aprovado"
1575,"Aluno 315","Matéria 5","Professor 3","2025-03-13","Difícil","70.67","Aprovado"
1576,"Aluno 316","Matéria 8","Professor 7","2025-03-13","Difícil","93.73","Aprovado"
1577,"Aluno 316","Matéria 9","Professor 2","2025-03-13","Fácil","3.92","Reprovado"
1578,"Aluno 316","Matéria 1","Professor 1","2025-03-13","Difícil","78.98","Aprovado"
1579,"Aluno 316","Matéria 10","Professor 2","2025-03-13","Fácil","47.25","Reprovado"
1580,"Aluno 316","Matéria 6","Professor 10","2025-03-13","Difícil","44.47","Reprovado"
1581,"Aluno 317","Matéria 10","Professor 8","2025-03-13","Difícil","45.37","Reprovado"
1582,"Aluno 317","Matéria 9","Professor 3","2025-03-13","Fácil","85.40","Aprovado"
1583,"Aluno 317","Matéria 6","Professor 6","2025-03-13","Fácil","19.38","Reprovado"
1584,"Aluno 317","Matéria 4","Professor 8","2025-03-13","Fácil","25.95","Reprovado"
1585,"Aluno 317","Matéria 2","Professor 7","2025-03-13","Difícil","19.86","Reprovado"
1586,"Aluno 318","Matéria 5","Professor 3","2025-03-13","Fácil","3.78","Reprovado"
1587,"Aluno 318","Matéria 6","Professor 10","2025-03-13","Fácil","55.06","Reprovado"
1588,"Aluno 318","Matéria 4","Professor 1","2025-03-13","Fácil","55.45","Reprovado"
1589,"Aluno 318","Matéria 6","Professor 7","2025-03-13","Difícil","90.64","Aprovado"
1590,"Aluno 318","Matéria 6","Professor 2","2025-03-13","Fácil","84.88","Aprovado"
1591,"Aluno 319","Matéria 10","Professor 10","2025-03-13","Difícil","83.22","Aprovado"
1592,"Aluno 319","Matéria 9","Professor 8","2025-03-13","Fácil","97.67","Aprovado"
1593,"Aluno 319","Matéria 7","Professor 5","2025-03-13","Difícil","45.71","Reprovado"
1594,"Aluno 319","Matéria 1","Professor 7","2025-03-13","Médio","27.67","Reprovado"
1595,"Aluno 319","Matéria 9","Professor 5","2025-03-13","Médio","74.28","Aprovado"
1596,"Aluno 320","Matéria 5","Professor 1","2025-03-13","Difícil","77.33","Aprovado"
1597,"Aluno 320","Matéria 3","Professor 5","2025-03-13","Difícil","51.84","Reprovado"
1598,"Aluno 320","Matéria 7","Professor 10","2025-03-13","Fácil","46.70","Reprovado"
1599,"Aluno 320","Matéria 5","Professor 6","2025-03-13","Médio","85.90","Aprovado"
1600,"Aluno 320","Matéria 3","Professor 10","2025-03-13","Difícil","4.27","Reprovado"
1601,"Aluno 321","Matéria 9","Professor 8","2025-03-13","Fácil","78.95","Aprovado"
1602,"Aluno 321","Matéria 2","Professor 3","2025-03-13","Médio","73.93","Aprovado"
1603,"Aluno 321","Matéria 2","Professor 2","2025-03-13","Difícil","62.14","Reprovado"
1604,"Aluno 321","Matéria 2","Professor 10","2025-03-13","Médio","31.53","Reprovado"
1605,"Aluno 321","Matéria 7","Professor 1","2025-03-13","Fácil","39.32","Reprovado"
1606,"Aluno 322","Matéria 2","Professor 8","2025-03-13","Médio","37.25","Reprovado"
1607,"Aluno 322","Matéria 7","Professor 9","2025-03-13","Fácil","45.36","Reprovado"
1608,"Aluno 322","Matéria 4","Professor 9","2025-03-13","Médio","79.58","Aprovado"
1609,"Aluno 322","Matéria 7","Professor 8","2025-03-13","Difícil","14.80","Reprovado"
1610,"Aluno 322","Matéria 3","Professor 5","2025-03-13","Fácil","90.55","Aprovado"
1611,"Aluno 323","Matéria 4","Professor 9","2025-03-13","Fácil","99.24","Aprovado"
1612,"Aluno 323","Matéria 7","Professor 4","2025-03-13","Médio","6.98","Reprovado"
1613,"Aluno 323","Matéria 4","Professor 7","2025-03-13","Difícil","7.62","Reprovado"
1614,"Aluno 323","Matéria 1","Professor 2","2025-03-13","Difícil","80.11","Aprovado"
1615,"Aluno 323","Matéria 6","Professor 3","2025-03-13","Médio","31.06","Reprovado"
1616,"Aluno 324","Matéria 9","Professor 8","2025-03-13","Difícil","77.98","Aprovado"
1617,"Aluno 324","Matéria 4","Professor 8","2025-03-13","Médio","99.94","Aprovado"
1618,"Aluno 324","Matéria 8","Professor 6","2025-03-13","Médio","89.38","Aprovado"
1619,"Aluno 324","Matéria 8","Professor 4","2025-03-13","Fácil","93.54","Aprovado"
1620,"Aluno 324","Matéria 7","Professor 3","2025-03-13","Fácil","62.47","Reprovado"
1621,"Aluno 325","Matéria 4","Professor 5","2025-03-13","Médio","43.82","Reprovado"
1622,"Aluno 325","Matéria 8","Professor 1","2025-03-13","Fácil","64.97","Reprovado"
1623,"Aluno 325","Matéria 5","Professor 7","2025-03-13","Fácil","86.03","Aprovado"
1624,"Aluno 325","Matéria 9","Professor 1","2025-03-13","Médio","93.43","Aprovado"
1625,"Aluno 325","Matéria 2","Professor 10","2025-03-13","Fácil","37.23","Reprovado"
1626,"Aluno 326","Matéria 1","Professor 1","2025-03-13","Médio","11.63","Reprovado"
1627,"Aluno 326","Matéria 7","Professor 2","2025-03-13","Médio","97.58","Aprovado"
1628,"Aluno 326","Matéria 1","Professor 6","2025-03-13","Médio","69.24","Reprovado"
1629,"Aluno 326","Matéria 1","Professor 1","2025-03-13","Difícil","85.22","Aprovado"
1630,"Aluno 326","Matéria 7","Professor 2","2025-03-13","Médio","85.15","Aprovado"
1631,"Aluno 327","Matéria 10","Professor 3","2025-03-13","Difícil","41.77","Reprovado"
1632,"Aluno 327","Matéria 3","Professor 9","2025-03-13","Médio","19.75","Reprovado"
1633,"Aluno 327","Matéria 5","Professor 2","2025-03-13","Fácil","36.23","Reprovado"
1634,"Aluno 327","Matéria 10","Professor 9","2025-03-13","Fácil","56.37","Reprovado"
1635,"Aluno 327","Matéria 9","Professor 7","2025-03-13","Fácil","31.96","Reprovado"
1636,"Aluno 328","Matéria 4","Professor 2","2025-03-13","Médio","46.03","Reprovado"
1637,"Aluno 328","Matéria 8","Professor 9","2025-03-13","Difícil","96.33","Aprovado"
1638,"Aluno 328","Matéria 2","Professor 3","2025-03-13","Difícil","20.89","Reprovado"
1639,"Aluno 328","Matéria 9","Professor 6","2025-03-13","Médio","31.48","Reprovado"
1640,"Aluno 328","Matéria 3","Professor 1","2025-03-13","Fácil","71.62","Aprovado"
1641,"Aluno 329","Matéria 5","Professor 2","2025-03-13","Fácil","35.24","Reprovado"
1642,"Aluno 329","Matéria 3","Professor 2","2025-03-13","Médio","87.39","Aprovado"
1643,"Aluno 329","Matéria 2","Professor 8","2025-03-13","Difícil","76.07","Aprovado"
1644,"Aluno 329","Matéria 1","Professor 6","2025-03-13","Difícil","33.80","Reprovado"
1645,"Aluno 329","Matéria 8","Professor 9","2025-03-13","Difícil","65.10","Reprovado"
1646,"Aluno 330","Matéria 5","Professor 6","2025-03-13","Difícil","80.87","Aprovado"
1647,"Aluno 330","Matéria 3","Professor 6","2025-03-13","Médio","22.79","Reprovado"
1648,"Aluno 330","Matéria 10","Professor 2","2025-03-13","Médio","38.39","Reprovado"
1649,"Aluno 330","Matéria 8","Professor 6","2025-03-13","Fácil","95.90","Aprovado"
1650,"Aluno 330","Matéria 6","Professor 5","2025-03-13","Fácil","33.52","Reprovado"
1651,"Aluno 331","Matéria 6","Professor 9","2025-03-13","Fácil","70.56","Aprovado"
1652,"Aluno 331","Matéria 3","Professor 8","2025-03-13","Médio","93.31","Aprovado"
1653,"Aluno 331","Matéria 4","Professor 3","2025-03-13","Difícil","39.70","Reprovado"
1654,"Aluno 331","Matéria 3","Professor 6","2025-03-13","Difícil","61.08","Reprovado"
1655,"Aluno 331","Matéria 7","Professor 4","2025-03-13","Difícil","23.43","Reprovado"
1656,"Aluno 332","Matéria 5","Professor 9","2025-03-13","Médio","15.42","Reprovado"
1657,"Aluno 332","Matéria 8","Professor 8","2025-03-13","Difícil","52.04","Reprovado"
1658,"Aluno 332","Matéria 9","Professor 7","2025-03-13","Fácil","84.06","Aprovado"
1659,"Aluno 332","Matéria 3","Professor 9","2025-03-13","Médio","81.58","Aprovado"
1660,"Aluno 332","Matéria 2","Professor 6","2025-03-13","Médio","58.91","Reprovado"
1661,"Aluno 333","Matéria 3","Professor 3","2025-03-13","Difícil","51.50","Reprovado"
1662,"Aluno 333","Matéria 7","Professor 2","2025-03-13","Médio","40.20","Reprovado"
1663,"Aluno 333","Matéria 10","Professor 3","2025-03-13","Médio","12.80","Reprovado"
1664,"Aluno 333","Matéria 8","Professor 2","2025-03-13","Fácil","93.34","Aprovado"
1665,"Aluno 333","Matéria 6","Professor 6","2025-03-13","Difícil","11.42","Reprovado"
1666,"Aluno 334","Matéria 7","Professor 9","2025-03-13","Difícil","52.54","Reprovado"
1667,"Aluno 334","Matéria 8","Professor 10","2025-03-13","Difícil","81.00","Aprovado"
1668,"Aluno 334","Matéria 5","Professor 6","2025-03-13","Fácil","52.19","Reprovado"
1669,"Aluno 334","Matéria 6","Professor 3","2025-03-13","Difícil","27.03","Reprovado"
1670,"Aluno 334","Matéria 3","Professor 3","2025-03-13","Fácil","3.13","Reprovado"
1671,"Aluno 335","Matéria 3","Professor 9","2025-03-13","Fácil","26.62","Reprovado"
1672,"Aluno 335","Matéria 8","Professor 7","2025-03-13","Fácil","72.00","Aprovado"
1673,"Aluno 335","Matéria 3","Professor 4","2025-03-13","Médio","96.74","Aprovado"
1674,"Aluno 335","Matéria 6","Professor 2","2025-03-13","Fácil","51.39","Reprovado"
1675,"Aluno 335","Matéria 8","Professor 4","2025-03-13","Difícil","30.12","Reprovado"
1676,"Aluno 336","Matéria 9","Professor 2","2025-03-13","Difícil","31.99","Reprovado"
1677,"Aluno 336","Matéria 8","Professor 4","2025-03-13","Fácil","83.12","Aprovado"
1678,"Aluno 336","Matéria 1","Professor 1","2025-03-13","Fácil","10.10","Reprovado"
1679,"Aluno 336","Matéria 5","Professor 10","2025-03-13","Fácil","70.90","Aprovado"
1680,"Aluno 336","Matéria 9","Professor 5","2025-03-13","Médio","6.30","Reprovado"
1681,"Aluno 337","Matéria 10","Professor 1","2025-03-13","Médio","99.93","Aprovado"
1682,"Aluno 337","Matéria 8","Professor 6","2025-03-13","Difícil","88.23","Aprovado"
1683,"Aluno 337","Matéria 8","Professor 8","2025-03-13","Difícil","97.39","Aprovado"
1684,"Aluno 337","Matéria 1","Professor 5","2025-03-13","Médio","20.60","Reprovado"
1685,"Aluno 337","Matéria 6","Professor 2","2025-03-13","Difícil","87.05","Aprovado"
1686,"Aluno 338","Matéria 2","Professor 10","2025-03-13","Fácil","96.36","Aprovado"
1687,"Aluno 338","Matéria 6","Professor 7","2025-03-13","Fácil","95.43","Aprovado"
1688,"Aluno 338","Matéria 5","Professor 1","2025-03-13","Difícil","54.73","Reprovado"
1689,"Aluno 338","Matéria 5","Professor 5","2025-03-13","Fácil","17.55","Reprovado"
1690,"Aluno 338","Matéria 5","Professor 10","2025-03-13","Médio","56.40","Reprovado"
1691,"Aluno 339","Matéria 8","Professor 1","2025-03-13","Médio","32.47","Reprovado"
1692,"Aluno 339","Matéria 3","Professor 4","2025-03-13","Fácil","48.71","Reprovado"
1693,"Aluno 339","Matéria 2","Professor 7","2025-03-13","Fácil","61.55","Reprovado"
1694,"Aluno 339","Matéria 9","Professor 5","2025-03-13","Fácil","93.42","Aprovado"
1695,"Aluno 339","Matéria 4","Professor 7","2025-03-13","Fácil","77.18","Aprovado"
1696,"Aluno 340","Matéria 9","Professor 1","2025-03-13","Fácil","22.04","Reprovado"
1697,"Aluno 340","Matéria 9","Professor 9","2025-03-13","Fácil","20.09","Reprovado"
1698,"Aluno 340","Matéria 3","Professor 10","2025-03-13","Fácil","15.84","Reprovado"
1699,"Aluno 340","Matéria 9","Professor 8","2025-03-13","Médio","98.71","Aprovado"
1700,"Aluno 340","Matéria 10","Professor 9","2025-03-13","Fácil","29.97","Reprovado"
1701,"Aluno 341","Matéria 7","Professor 6","2025-03-13","Fácil","15.59","Reprovado"
1702,"Aluno 341","Matéria 6","Professor 4","2025-03-13","Fácil","33.72","Reprovado"
1703,"Aluno 341","Matéria 1","Professor 5","2025-03-13","Difícil","74.12","Aprovado"
1704,"Aluno 341","Matéria 5","Professor 9","2025-03-13","Fácil","66.34","Reprovado"
1705,"Aluno 341","Matéria 9","Professor 5","2025-03-13","Difícil","56.51","Reprovado"
1706,"Aluno 342","Matéria 4","Professor 6","2025-03-13","Difícil","99.90","Aprovado"
1707,"Aluno 342","Matéria 10","Professor 3","2025-03-13","Difícil","25.24","Reprovado"
1708,"Aluno 342","Matéria 5","Professor 4","2025-03-13","Difícil","37.61","Reprovado"
1709,"Aluno 342","Matéria 9","Professor 3","2025-03-13","Difícil","10.00","Reprovado"
1710,"Aluno 342","Matéria 6","Professor 10","2025-03-13","Médio","57.20","Reprovado"
1711,"Aluno 343","Matéria 7","Professor 1","2025-03-13","Difícil","28.70","Reprovado"
1712,"Aluno 343","Matéria 3","Professor 3","2025-03-13","Difícil","33.67","Reprovado"
1713,"Aluno 343","Matéria 8","Professor 8","2025-03-13","Fácil","3.75","Reprovado"
1714,"Aluno 343","Matéria 2","Professor 7","2025-03-13","Difícil","58.36","Reprovado"
1715,"Aluno 343","Matéria 10","Professor 4","2025-03-13","Difícil","58.17","Reprovado"
1716,"Aluno 344","Matéria 5","Professor 2","2025-03-13","Médio","32.46","Reprovado"
1717,"Aluno 344","Matéria 8","Professor 7","2025-03-13","Difícil","27.04","Reprovado"
1718,"Aluno 344","Matéria 8","Professor 4","2025-03-13","Médio","80.60","Aprovado"
1719,"Aluno 344","Matéria 9","Professor 2","2025-03-13","Difícil","59.24","Reprovado"
1720,"Aluno 344","Matéria 7","Professor 3","2025-03-13","Médio","58.95","Reprovado"
1721,"Aluno 345","Matéria 5","Professor 10","2025-03-13","Difícil","38.15","Reprovado"
1722,"Aluno 345","Matéria 9","Professor 6","2025-03-13","Difícil","80.46","Aprovado"
1723,"Aluno 345","Matéria 4","Professor 5","2025-03-13","Difícil","83.42","Aprovado"
1724,"Aluno 345","Matéria 5","Professor 4","2025-03-13","Médio","1.70","Reprovado"
1725,"Aluno 345","Matéria 10","Professor 8","2025-03-13","Difícil","17.32","Reprovado"
1726,"Aluno 346","Matéria 3","Professor 2","2025-03-13","Difícil","85.21","Aprovado"
1727,"Aluno 346","Matéria 9","Professor 2","2025-03-13","Difícil","10.74","Reprovado"
1728,"Aluno 346","Matéria 8","Professor 6","2025-03-13","Difícil","48.79","Reprovado"
1729,"Aluno 346","Matéria 3","Professor 1","2025-03-13","Difícil","84.86","Aprovado"
1730,"Aluno 346","Matéria 1","Professor 6","2025-03-13","Fácil","73.61","Aprovado"
1731,"Aluno 347","Matéria 10","Professor 3","2025-03-13","Médio","95.75","Aprovado"
1732,"Aluno 347","Matéria 9","Professor 9","2025-03-13","Fácil","19.50","Reprovado"
1733,"Aluno 347","Matéria 6","Professor 10","2025-03-13","Médio","82.69","Aprovado"
1734,"Aluno 347","Matéria 3","Professor 3","2025-03-13","Médio","1.76","Reprovado"
1735,"Aluno 347","Matéria 4","Professor 1","2025-03-13","Fácil","89.27","Aprovado"
1736,"Aluno 348","Matéria 4","Professor 9","2025-03-13","Difícil","33.36","Reprovado"
1737,"Aluno 348","Matéria 2","Professor 9","2025-03-13","Médio","12.98","Reprovado"
1738,"Aluno 348","Matéria 9","Professor 6","2025-03-13","Difícil","34.55","Reprovado"
1739,"Aluno 348","Matéria 1","Professor 1","2025-03-13","Médio","50.49","Reprovado"
1740,"Aluno 348","Matéria 10","Professor 2","2025-03-13","Médio","26.68","Reprovado"
1741,"Aluno 349","Matéria 10","Professor 1","2025-03-13","Médio","97.19","Aprovado"
1742,"Aluno 349","Matéria 7","Professor 3","2025-03-13","Médio","89.53","Aprovado"
1743,"Aluno 349","Matéria 7","Professor 3","2025-03-13","Difícil","10.58","Reprovado"
1744,"Aluno 349","Matéria 7","Professor 6","2025-03-13","Difícil","49.24","Reprovado"
1745,"Aluno 349","Matéria 5","Professor 4","2025-03-13","Médio","42.86","Reprovado"
1746,"Aluno 350","Matéria 4","Professor 7","2025-03-13","Médio","82.71","Aprovado"
1747,"Aluno 350","Matéria 5","Professor 4","2025-03-13","Médio","34.74","Reprovado"
1748,"Aluno 350","Matéria 3","Professor 2","2025-03-13","Médio","24.00","Reprovado"
1749,"Aluno 350","Matéria 4","Professor 1","2025-03-13","Médio","38.58","Reprovado"
1750,"Aluno 350","Matéria 4","Professor 6","2025-03-13","Médio","8.18","Reprovado"
1751,"Aluno 351","Matéria 10","Professor 10","2025-03-13","Fácil","87.02","Aprovado"
1752,"Aluno 351","Matéria 8","Professor 10","2025-03-13","Fácil","33.59","Reprovado"
1753,"Aluno 351","Matéria 1","Professor 7","2025-03-13","Difícil","2.12","Reprovado"
1754,"Aluno 351","Matéria 3","Professor 6","2025-03-13","Difícil","77.12","Aprovado"
1755,"Aluno 351","Matéria 10","Professor 4","2025-03-13","Fácil","22.12","Reprovado"
1756,"Aluno 352","Matéria 5","Professor 2","2025-03-13","Médio","68.92","Reprovado"
1757,"Aluno 352","Matéria 5","Professor 2","2025-03-13","Médio","93.24","Aprovado"
1758,"Aluno 352","Matéria 10","Professor 10","2025-03-13","Difícil","65.22","Reprovado"
1759,"Aluno 352","Matéria 5","Professor 1","2025-03-13","Difícil","52.01","Reprovado"
1760,"Aluno 352","Matéria 2","Professor 4","2025-03-13","Fácil","81.22","Aprovado"
1761,"Aluno 353","Matéria 9","Professor 10","2025-03-13","Médio","18.96","Reprovado"
1762,"Aluno 353","Matéria 8","Professor 9","2025-03-13","Médio","89.44","Aprovado"
1763,"Aluno 353","Matéria 3","Professor 3","2025-03-13","Difícil","90.71","Aprovado"
1764,"Aluno 353","Matéria 1","Professor 9","2025-03-13","Médio","24.13","Reprovado"
1765,"Aluno 353","Matéria 6","Professor 4","2025-03-13","Difícil","55.53","Reprovado"
1766,"Aluno 354","Matéria 3","Professor 1","2025-03-13","Fácil","38.90","Reprovado"
1767,"Aluno 354","Matéria 1","Professor 9","2025-03-13","Médio","12.53","Reprovado"
1768,"Aluno 354","Matéria 6","Professor 5","2025-03-13","Fácil","92.85","Aprovado"
1769,"Aluno 354","Matéria 4","Professor 10","2025-03-13","Médio","70.41","Aprovado"
1770,"Aluno 354","Matéria 3","Professor 8","2025-03-13","Médio","6.82","Reprovado"
1771,"Aluno 355","Matéria 3","Professor 10","2025-03-13","Fácil","63.86","Reprovado"
1772,"Aluno 355","Matéria 4","Professor 3","2025-03-13","Difícil","74.65","Aprovado"
1773,"Aluno 355","Matéria 2","Professor 1","2025-03-13","Médio","75.34","Aprovado"
1774,"Aluno 355","Matéria 2","Professor 9","2025-03-13","Fácil","48.32","Reprovado"
1775,"Aluno 355","Matéria 10","Professor 8","2025-03-13","Difícil","31.15","Reprovado"
1776,"Aluno 356","Matéria 8","Professor 4","2025-03-13","Difícil","18.74","Reprovado"
1777,"Aluno 356","Matéria 2","Professor 5","2025-03-13","Médio","50.47","Reprovado"
1778,"Aluno 356","Matéria 9","Professor 4","2025-03-13","Difícil","32.80","Reprovado"
1779,"Aluno 356","Matéria 5","Professor 10","2025-03-13","Fácil","58.02","Reprovado"
1780,"Aluno 356","Matéria 1","Professor 8","2025-03-13","Médio","24.74","Reprovado"
1781,"Aluno 357","Matéria 7","Professor 10","2025-03-13","Difícil","59.51","Reprovado"
1782,"Aluno 357","Matéria 5","Professor 1","2025-03-13","Fácil","44.71","Reprovado"
1783,"Aluno 357","Matéria 3","Professor 7","2025-03-13","Difícil","31.96","Reprovado"
1784,"Aluno 357","Matéria 7","Professor 8","2025-03-13","Médio","0.69","Reprovado"
1785,"Aluno 357","Matéria 10","Professor 2","2025-03-13","Difícil","98.67","Aprovado"
1786,"Aluno 358","Matéria 10","Professor 7","2025-03-13","Fácil","70.41","Aprovado"
1787,"Aluno 358","Matéria 6","Professor 6","2025-03-13","Difícil","35.50","Reprovado"
1788,"Aluno 358","Matéria 10","Professor 4","2025-03-13","Médio","25.97","Reprovado"
1789,"Aluno 358","Matéria 10","Professor 3","2025-03-13","Fácil","62.95","Reprovado"
1790,"Aluno 358","Matéria 2","Professor 7","2025-03-13","Médio","4.24","Reprovado"
1791,"Aluno 359","Matéria 3","Professor 2","2025-03-13","Médio","17.83","Reprovado"
1792,"Aluno 359","Matéria 3","Professor 1","2025-03-13","Fácil","89.78","Aprovado"
1793,"Aluno 359","Matéria 9","Professor 2","2025-03-13","Fácil","16.87","Reprovado"
1794,"Aluno 359","Matéria 10","Professor 2","2025-03-13","Difícil","32.60","Reprovado"
1795,"Aluno 359","Matéria 7","Professor 10","2025-03-13","Médio","63.13","Reprovado"
1796,"Aluno 360","Matéria 5","Professor 5","2025-03-13","Médio","1.13","Reprovado"
1797,"Aluno 360","Matéria 10","Professor 3","2025-03-13","Médio","32.72","Reprovado"
1798,"Aluno 360","Matéria 2","Professor 9","2025-03-13","Fácil","89.03","Aprovado"
1799,"Aluno 360","Matéria 10","Professor 5","2025-03-13","Médio","24.89","Reprovado"
1800,"Aluno 360","Matéria 4","Professor 1","2025-03-13","Difícil","37.08","Reprovado"
1801,"Aluno 361","Matéria 9","Professor 8","2025-03-13","Médio","92.82","Aprovado"
1802,"Aluno 361","Matéria 10","Professor 9","2025-03-13","Difícil","14.52","Reprovado"
1803,"Aluno 361","Matéria 8","Professor 1","2025-03-13","Difícil","34.68","Reprovado"
1804,"Aluno 361","Matéria 5","Professor 9","2025-03-13","Difícil","89.40","Aprovado"
1805,"Aluno 361","Matéria 1","Professor 3","2025-03-13","Fácil","86.02","Aprovado"
1806,"Aluno 362","Matéria 10","Professor 9","2025-03-13","Médio","32.77","Reprovado"
1807,"Aluno 362","Matéria 6","Professor 1","2025-03-13","Médio","19.07","Reprovado"
1808,"Aluno 362","Matéria 10","Professor 1","2025-03-13","Médio","73.73","Aprovado"
1809,"Aluno 362","Matéria 9","Professor 1","2025-03-13","Difícil","45.02","Reprovado"
1810,"Aluno 362","Matéria 1","Professor 3","2025-03-13","Médio","87.91","Aprovado"
1811,"Aluno 363","Matéria 6","Professor 9","2025-03-13","Médio","31.18","Reprovado"
1812,"Aluno 363","Matéria 8","Professor 4","2025-03-13","Fácil","68.03","Reprovado"
1813,"Aluno 363","Matéria 3","Professor 10","2025-03-13","Fácil","55.60","Reprovado"
1814,"Aluno 363","Matéria 4","Professor 1","2025-03-13","Difícil","42.80","Reprovado"
1815,"Aluno 363","Matéria 8","Professor 2","2025-03-13","Difícil","51.24","Reprovado"
1816,"Aluno 364","Matéria 9","Professor 9","2025-03-13","Médio","20.76","Reprovado"
1817,"Aluno 364","Matéria 2","Professor 4","2025-03-13","Difícil","14.39","Reprovado"
1818,"Aluno 364","Matéria 4","Professor 10","2025-03-13","Difícil","70.02","Aprovado"
1819,"Aluno 364","Matéria 1","Professor 6","2025-03-13","Fácil","29.07","Reprovado"
1820,"Aluno 364","Matéria 2","Professor 1","2025-03-13","Fácil","13.67","Reprovado"
1821,"Aluno 365","Matéria 9","Professor 2","2025-03-13","Médio","81.41","Aprovado"
1822,"Aluno 365","Matéria 10","Professor 1","2025-03-13","Difícil","49.24","Reprovado"
1823,"Aluno 365","Matéria 3","Professor 9","2025-03-13","Fácil","49.47","Reprovado"
1824,"Aluno 365","Matéria 2","Professor 3","2025-03-13","Médio","64.57","Reprovado"
1825,"Aluno 365","Matéria 8","Professor 2","2025-03-13","Médio","56.32","Reprovado"
1826,"Aluno 366","Matéria 7","Professor 6","2025-03-13","Fácil","33.30","Reprovado"
1827,"Aluno 366","Matéria 3","Professor 1","2025-03-13","Difícil","88.32","Aprovado"
1828,"Aluno 366","Matéria 10","Professor 8","2025-03-13","Difícil","90.18","Aprovado"
1829,"Aluno 366","Matéria 5","Professor 8","2025-03-13","Difícil","56.31","Reprovado"
1830,"Aluno 366","Matéria 6","Professor 2","2025-03-13","Médio","94.51","Aprovado"
1831,"Aluno 367","Matéria 3","Professor 10","2025-03-13","Médio","79.08","Aprovado"
1832,"Aluno 367","Matéria 5","Professor 2","2025-03-13","Médio","2.65","Reprovado"
1833,"Aluno 367","Matéria 9","Professor 9","2025-03-13","Médio","65.24","Reprovado"
1834,"Aluno 367","Matéria 8","Professor 1","2025-03-13","Difícil","1.21","Reprovado"
1835,"Aluno 367","Matéria 2","Professor 3","2025-03-13","Médio","56.44","Reprovado"
1836,"Aluno 368","Matéria 2","Professor 3","2025-03-13","Fácil","69.24","Reprovado"
1837,"Aluno 368","Matéria 7","Professor 2","2025-03-13","Médio","91.32","Aprovado"
1838,"Aluno 368","Matéria 8","Professor 2","2025-03-13","Fácil","63.74","Reprovado"
1839,"Aluno 368","Matéria 9","Professor 8","2025-03-13","Médio","29.12","Reprovado"
1840,"Aluno 368","Matéria 9","Professor 10","2025-03-13","Fácil","83.25","Aprovado"
1841,"Aluno 369","Matéria 2","Professor 9","2025-03-13","Difícil","2.81","Reprovado"
1842,"Aluno 369","Matéria 1","Professor 5","2025-03-13","Médio","50.43","Reprovado"
1843,"Aluno 369","Matéria 7","Professor 3","2025-03-13","Difícil","11.40","Reprovado"
1844,"Aluno 369","Matéria 6","Professor 10","2025-03-13","Difícil","77.16","Aprovado"
1845,"Aluno 369","Matéria 3","Professor 4","2025-03-13","Difícil","42.26","Reprovado"
1846,"Aluno 370","Matéria 8","Professor 8","2025-03-13","Fácil","96.38","Aprovado"
1847,"Aluno 370","Matéria 8","Professor 6","2025-03-13","Fácil","94.36","Aprovado"
1848,"Aluno 370","Matéria 8","Professor 4","2025-03-13","Fácil","69.89","Reprovado"
1849,"Aluno 370","Matéria 2","Professor 4","2025-03-13","Médio","24.85","Reprovado"
1850,"Aluno 370","Matéria 3","Professor 10","2025-03-13","Médio","18.32","Reprovado"
1851,"Aluno 371","Matéria 8","Professor 1","2025-03-13","Fácil","77.05","Aprovado"
1852,"Aluno 371","Matéria 5","Professor 3","2025-03-13","Fácil","65.86","Reprovado"
1853,"Aluno 371","Matéria 1","Professor 9","2025-03-13","Difícil","30.87","Reprovado"
1854,"Aluno 371","Matéria 4","Professor 4","2025-03-13","Médio","39.13","Reprovado"
1855,"Aluno 371","Matéria 2","Professor 1","2025-03-13","Difícil","70.78","Aprovado"
1856,"Aluno 372","Matéria 8","Professor 2","2025-03-13","Médio","14.82","Reprovado"
1857,"Aluno 372","Matéria 8","Professor 3","2025-03-13","Fácil","35.47","Reprovado"
1858,"Aluno 372","Matéria 3","Professor 2","2025-03-13","Fácil","56.99","Reprovado"
1859,"Aluno 372","Matéria 6","Professor 7","2025-03-13","Médio","61.18","Reprovado"
1860,"Aluno 372","Matéria 1","Professor 10","2025-03-13","Fácil","77.63","Aprovado"
1861,"Aluno 373","Matéria 1","Professor 5","2025-03-13","Fácil","92.98","Aprovado"
1862,"Aluno 373","Matéria 10","Professor 8","2025-03-13","Médio","61.07","Reprovado"
1863,"Aluno 373","Matéria 10","Professor 5","2025-03-13","Difícil","55.87","Reprovado"
1864,"Aluno 373","Matéria 1","Professor 5","2025-03-13","Difícil","61.49","Reprovado"
1865,"Aluno 373","Matéria 7","Professor 4","2025-03-13","Difícil","66.34","Reprovado"
1866,"Aluno 374","Matéria 4","Professor 7","2025-03-13","Difícil","13.71","Reprovado"
1867,"Aluno 374","Matéria 3","Professor 10","2025-03-13","Difícil","59.03","Reprovado"
1868,"Aluno 374","Matéria 5","Professor 6","2025-03-13","Médio","35.07","Reprovado"
1869,"Aluno 374","Matéria 8","Professor 9","2025-03-13","Fácil","2.77","Reprovado"
1870,"Aluno 374","Matéria 9","Professor 2","2025-03-13","Fácil","23.45","Reprovado"
1871,"Aluno 375","Matéria 3","Professor 5","2025-03-13","Fácil","93.04","Aprovado"
1872,"Aluno 375","Matéria 4","Professor 10","2025-03-13","Médio","84.44","Aprovado"
1873,"Aluno 375","Matéria 1","Professor 3","2025-03-13","Difícil","69.98","Reprovado"
1874,"Aluno 375","Matéria 6","Professor 2","2025-03-13","Difícil","92.89","Aprovado"
1875,"Aluno 375","Matéria 6","Professor 8","2025-03-13","Difícil","32.26","Reprovado"
1876,"Aluno 376","Matéria 7","Professor 10","2025-03-13","Fácil","3.35","Reprovado"
1877,"Aluno 376","Matéria 5","Professor 9","2025-03-13","Difícil","66.09","Reprovado"
1878,"Aluno 376","Matéria 5","Professor 1","2025-03-13","Difícil","76.44","Aprovado"
1879,"Aluno 376","Matéria 5","Professor 3","2025-03-13","Difícil","30.71","Reprovado"
1880,"Aluno 376","Matéria 4","Professor 7","2025-03-13","Difícil","32.55","Reprovado"
1881,"Aluno 377","Matéria 9","Professor 2","2025-03-13","Médio","83.29","Aprovado"
1882,"Aluno 377","Matéria 5","Professor 8","2025-03-13","Médio","3.96","Reprovado"
1883,"Aluno 377","Matéria 2","Professor 10","2025-03-13","Médio","90.71","Aprovado"
1884,"Aluno 377","Matéria 5","Professor 2","2025-03-13","Fácil","46.74","Reprovado"
1885,"Aluno 377","Matéria 7","Professor 9","2025-03-13","Médio","4.30","Reprovado"
1886,"Aluno 378","Matéria 3","Professor 10","2025-03-13","Médio","44.03","Reprovado"
1887,"Aluno 378","Matéria 8","Professor 8","2025-03-13","Difícil","14.08","Reprovado"
1888,"Aluno 378","Matéria 9","Professor 4","2025-03-13","Fácil","18.02","Reprovado"
1889,"Aluno 378","Matéria 9","Professor 1","2025-03-13","Fácil","30.35","Reprovado"
1890,"Aluno 378","Matéria 2","Professor 6","2025-03-13","Médio","73.96","Aprovado"
1891,"Aluno 379","Matéria 2","Professor 8","2025-03-13","Fácil","31.72","Reprovado"
1892,"Aluno 379","Matéria 10","Professor 5","2025-03-13","Fácil","78.91","Aprovado"
1893,"Aluno 379","Matéria 7","Professor 7","2025-03-13","Médio","47.69","Reprovado"
1894,"Aluno 379","Matéria 7","Professor 9","2025-03-13","Difícil","1.58","Reprovado"
1895,"Aluno 379","Matéria 4","Professor 8","2025-03-13","Médio","56.81","Reprovado"
1896,"Aluno 380","Matéria 7","Professor 7","2025-03-13","Médio","59.83","Reprovado"
1897,"Aluno 380","Matéria 4","Professor 6","2025-03-13","Fácil","66.91","Reprovado"
1898,"Aluno 380","Matéria 8","Professor 7","2025-03-13","Médio","85.99","Aprovado"
1899,"Aluno 380","Matéria 4","Professor 3","2025-03-13","Fácil","0.57","Reprovado"
1900,"Aluno 380","Matéria 1","Professor 2","2025-03-13","Fácil","98.80","Aprovado"
1901,"Aluno 381","Matéria 10","Professor 1","2025-03-13","Fácil","27.31","Reprovado"
1902,"Aluno 381","Matéria 2","Professor 4","2025-03-13","Difícil","42.92","Reprovado"
1903,"Aluno 381","Matéria 3","Professor 2","2025-03-13","Médio","16.97","Reprovado"
1904,"Aluno 381","Matéria 8","Professor 7","2025-03-13","Difícil","5.48","Reprovado"
1905,"Aluno 381","Matéria 1","Professor 4","2025-03-13","Fácil","42.82","Reprovado"
1906,"Aluno 382","Matéria 4","Professor 2","2025-03-13","Médio","82.56","Aprovado"
1907,"Aluno 382","Matéria 4","Professor 8","2025-03-13","Difícil","52.20","Reprovado"
1908,"Aluno 382","Matéria 2","Professor 3","2025-03-13","Difícil","88.03","Aprovado"
1909,"Aluno 382","Matéria 9","Professor 4","2025-03-13","Fácil","76.78","Aprovado"
1910,"Aluno 382","Matéria 3","Professor 10","2025-03-13","Fácil","34.21","Reprovado"
1911,"Aluno 383","Matéria 7","Professor 3","2025-03-13","Difícil","10.25","Reprovado"
1912,"Aluno 383","Matéria 4","Professor 6","2025-03-13","Médio","37.18","Reprovado"
1913,"Aluno 383","Matéria 7","Professor 4","2025-03-13","Fácil","39.67","Reprovado"
1914,"Aluno 383","Matéria 8","Professor 9","2025-03-13","Fácil","25.48","Reprovado"
1915,"Aluno 383","Matéria 4","Professor 2","2025-03-13","Difícil","54.22","Reprovado"
1916,"Aluno 384","Matéria 3","Professor 10","2025-03-13","Fácil","92.18","Aprovado"
1917,"Aluno 384","Matéria 7","Professor 5","2025-03-13","Fácil","83.10","Aprovado"
1918,"Aluno 384","Matéria 6","Professor 9","2025-03-13","Médio","88.05","Aprovado"
1919,"Aluno 384","Matéria 9","Professor 2","2025-03-13","Fácil","90.15","Aprovado"
1920,"Aluno 384","Matéria 7","Professor 6","2025-03-13","Difícil","45.04","Reprovado"
1921,"Aluno 385","Matéria 6","Professor 2","2025-03-13","Difícil","55.33","Reprovado"
1922,"Aluno 385","Matéria 4","Professor 1","2025-03-13","Médio","45.99","Reprovado"
1923,"Aluno 385","Matéria 7","Professor 3","2025-03-13","Difícil","19.76","Reprovado"
1924,"Aluno 385","Matéria 10","Professor 5","2025-03-13","Médio","2.60","Reprovado"
1925,"Aluno 385","Matéria 4","Professor 8","2025-03-13","Fácil","39.19","Reprovado"
1926,"Aluno 386","Matéria 10","Professor 1","2025-03-13","Médio","38.81","Reprovado"
1927,"Aluno 386","Matéria 3","Professor 6","2025-03-13","Difícil","98.27","Aprovado"
1928,"Aluno 386","Matéria 9","Professor 8","2025-03-13","Fácil","60.97","Reprovado"
1929,"Aluno 386","Matéria 4","Professor 7","2025-03-13","Difícil","13.92","Reprovado"
1930,"Aluno 386","Matéria 7","Professor 7","2025-03-13","Médio","17.83","Reprovado"
1931,"Aluno 387","Matéria 9","Professor 2","2025-03-13","Difícil","22.18","Reprovado"
1932,"Aluno 387","Matéria 8","Professor 8","2025-03-13","Médio","25.02","Reprovado"
1933,"Aluno 387","Matéria 6","Professor 9","2025-03-13","Difícil","80.76","Aprovado"
1934,"Aluno 387","Matéria 10","Professor 10","2025-03-13","Fácil","62.41","Reprovado"
1935,"Aluno 387","Matéria 2","Professor 10","2025-03-13","Fácil","20.38","Reprovado"
1936,"Aluno 388","Matéria 10","Professor 4","2025-03-13","Fácil","98.45","Aprovado"
1937,"Aluno 388","Matéria 9","Professor 9","2025-03-13","Médio","70.48","Aprovado"
1938,"Aluno 388","Matéria 8","Professor 9","2025-03-13","Difícil","8.96","Reprovado"
1939,"Aluno 388","Matéria 1","Professor 1","2025-03-13","Fácil","10.34","Reprovado"
1940,"Aluno 388","Matéria 7","Professor 1","2025-03-13","Difícil","7.05","Reprovado"
1941,"Aluno 389","Matéria 1","Professor 5","2025-03-13","Médio","17.46","Reprovado"
1942,"Aluno 389","Matéria 5","Professor 3","2025-03-13","Médio","54.37","Reprovado"
1943,"Aluno 389","Matéria 6","Professor 2","2025-03-13","Difícil","46.89","Reprovado"
1944,"Aluno 389","Matéria 6","Professor 8","2025-03-13","Fácil","48.05","Reprovado"
1945,"Aluno 389","Matéria 9","Professor 6","2025-03-13","Difícil","48.47","Reprovado"
1946,"Aluno 390","Matéria 4","Professor 10","2025-03-13","Médio","98.24","Aprovado"
1947,"Aluno 390","Matéria 2","Professor 9","2025-03-13","Fácil","86.50","Aprovado"
1948,"Aluno 390","Matéria 7","Professor 9","2025-03-13","Difícil","24.63","Reprovado"
1949,"Aluno 390","Matéria 4","Professor 2","2025-03-13","Difícil","57.71","Reprovado"
1950,"Aluno 390","Matéria 6","Professor 7","2025-03-13","Médio","85.71","Aprovado"
1951,"Aluno 391","Matéria 5","Professor 3","2025-03-13","Fácil","57.58","Reprovado"
1952,"Aluno 391","Matéria 1","Professor 1","2025-03-13","Médio","49.63","Reprovado"
1953,"Aluno 391","Matéria 2","Professor 6","2025-03-13","Difícil","56.32","Reprovado"
1954,"Aluno 391","Matéria 7","Professor 8","2025-03-13","Difícil","56.92","Reprovado"
1955,"Aluno 391","Matéria 1","Professor 9","2025-03-13","Fácil","50.14","Reprovado"
1956,"Aluno 392","Matéria 5","Professor 5","2025-03-13","Difícil","32.14","Reprovado"
1957,"Aluno 392","Matéria 2","Professor 6","2025-03-13","Fácil","26.69","Reprovado"
1958,"Aluno 392","Matéria 9","Professor 4","2025-03-13","Médio","15.06","Reprovado"
1959,"Aluno 392","Matéria 5","Professor 8","2025-03-13","Difícil","22.41","Reprovado"
1960,"Aluno 392","Matéria 8","Professor 8","2025-03-13","Médio","84.83","Aprovado"
1961,"Aluno 393","Matéria 9","Professor 1","2025-03-13","Fácil","40.55","Reprovado"
1962,"Aluno 393","Matéria 6","Professor 4","2025-03-13","Difícil","39.82","Reprovado"
1963,"Aluno 393","Matéria 4","Professor 10","2025-03-13","Difícil","39.89","Reprovado"
1964,"Aluno 393","Matéria 6","Professor 1","2025-03-13","Difícil","60.64","Reprovado"
1965,"Aluno 393","Matéria 1","Professor 4","2025-03-13","Fácil","9.97","Reprovado"
1966,"Aluno 394","Matéria 2","Professor 6","2025-03-13","Difícil","49.60","Reprovado"
1967,"Aluno 394","Matéria 3","Professor 1","2025-03-13","Difícil","10.21","Reprovado"
1968,"Aluno 394","Matéria 2","Professor 5","2025-03-13","Médio","15.43","Reprovado"
1969,"Aluno 394","Matéria 9","Professor 7","2025-03-13","Fácil","29.83","Reprovado"
1970,"Aluno 394","Matéria 3","Professor 5","2025-03-13","Fácil","65.79","Reprovado"
1971,"Aluno 395","Matéria 9","Professor 2","2025-03-13","Médio","57.00","Reprovado"
1972,"Aluno 395","Matéria 10","Professor 2","2025-03-13","Médio","80.25","Aprovado"
1973,"Aluno 395","Matéria 4","Professor 2","2025-03-13","Difícil","57.78","Reprovado"
1974,"Aluno 395","Matéria 9","Professor 5","2025-03-13","Fácil","69.17","Reprovado"
1975,"Aluno 395","Matéria 9","Professor 3","2025-03-13","Médio","49.66","Reprovado"
1976,"Aluno 396","Matéria 5","Professor 3","2025-03-13","Fácil","46.20","Reprovado"
1977,"Aluno 396","Matéria 5","Professor 6","2025-03-13","Difícil","36.26","Reprovado"
1978,"Aluno 396","Matéria 2","Professor 1","2025-03-13","Difícil","17.99","Reprovado"
1979,"Aluno 396","Matéria 8","Professor 6","2025-03-13","Médio","33.80","Reprovado"
1980,"Aluno 396","Matéria 9","Professor 2","2025-03-13","Difícil","0.54","Reprovado"
1981,"Aluno 397","Matéria 4","Professor 2","2025-03-13","Médio","83.67","Aprovado"
1982,"Aluno 397","Matéria 10","Professor 3","2025-03-13","Fácil","13.74","Reprovado"
1983,"Aluno 397","Matéria 7","Professor 6","2025-03-13","Fácil","70.89","Aprovado"
1984,"Aluno 397","Matéria 4","Professor 8","2025-03-13","Médio","47.15","Reprovado"
1985,"Aluno 397","Matéria 9","Professor 2","2025-03-13","Fácil","91.81","Aprovado"
1986,"Aluno 398","Matéria 2","Professor 7","2025-03-13","Difícil","36.86","Reprovado"
1987,"Aluno 398","Matéria 10","Professor 3","2025-03-13","Médio","79.00","Aprovado"
1988,"Aluno 398","Matéria 10","Professor 8","2025-03-13","Fácil","53.60","Reprovado"
1989,"Aluno 398","Matéria 4","Professor 2","2025-03-13","Fácil","50.86","Reprovado"
1990,"Aluno 398","Matéria 5","Professor 9","2025-03-13","Médio","37.45","Reprovado"
1991,"Aluno 399","Matéria 3","Professor 6","2025-03-13","Médio","16.58","Reprovado"
1992,"Aluno 399","Matéria 2","Professor 3","2025-03-13","Médio","66.87","Reprovado"
1993,"Aluno 399","Matéria 3","Professor 4","2025-03-13","Difícil","45.61","Reprovado"
1994,"Aluno 399","Matéria 1","Professor 5","2025-03-13","Médio","17.44","Reprovado"
1995,"Aluno 399","Matéria 2","Professor 6","2025-03-13","Fácil","96.54","Aprovado"
1996,"Aluno 400","Matéria 8","Professor 6","2025-03-13","Fácil","80.73","Aprovado"
1997,"Aluno 400","Matéria 8","Professor 10","2025-03-13","Fácil","79.31","Aprovado"
1998,"Aluno 400","Matéria 3","Professor 2","2025-03-13","Fácil","0.91","Reprovado"
1999,"Aluno 400","Matéria 9","Professor 1","2025-03-13","Fácil","27.05","Reprovado"
2000,"Aluno 400","Matéria 4","Professor 4","2025-03-13","Fácil","24.13","Reprovado"
2001,"Aluno 401","Matéria 9","Professor 10","2025-03-13","Médio","24.19","Reprovado"
2002,"Aluno 401","Matéria 1","Professor 7","2025-03-13","Fácil","86.82","Aprovado"
2003,"Aluno 401","Matéria 3","Professor 6","2025-03-13","Fácil","9.09","Reprovado"
2004,"Aluno 401","Matéria 4","Professor 7","2025-03-13","Fácil","14.21","Reprovado"
2005,"Aluno 401","Matéria 10","Professor 3","2025-03-13","Fácil","81.88","Aprovado"
2006,"Aluno 402","Matéria 10","Professor 1","2025-03-13","Fácil","70.32","Aprovado"
2007,"Aluno 402","Matéria 10","Professor 9","2025-03-13","Médio","40.91","Reprovado"
2008,"Aluno 402","Matéria 1","Professor 6","2025-03-13","Difícil","41.69","Reprovado"
2009,"Aluno 402","Matéria 6","Professor 3","2025-03-13","Difícil","59.44","Reprovado"
2010,"Aluno 402","Matéria 4","Professor 2","2025-03-13","Médio","2.63","Reprovado"
2011,"Aluno 403","Matéria 10","Professor 2","2025-03-13","Difícil","75.69","Aprovado"
2012,"Aluno 403","Matéria 10","Professor 3","2025-03-13","Fácil","36.11","Reprovado"
2013,"Aluno 403","Matéria 1","Professor 5","2025-03-13","Difícil","84.10","Aprovado"
2014,"Aluno 403","Matéria 1","Professor 6","2025-03-13","Difícil","49.66","Reprovado"
2015,"Aluno 403","Matéria 8","Professor 7","2025-03-13","Médio","52.33","Reprovado"
2016,"Aluno 404","Matéria 3","Professor 7","2025-03-13","Fácil","51.94","Reprovado"
2017,"Aluno 404","Matéria 9","Professor 3","2025-03-13","Fácil","9.12","Reprovado"
2018,"Aluno 404","Matéria 10","Professor 9","2025-03-13","Fácil","32.01","Reprovado"
2019,"Aluno 404","Matéria 10","Professor 8","2025-03-13","Médio","56.64","Reprovado"
2020,"Aluno 404","Matéria 7","Professor 1","2025-03-13","Médio","30.61","Reprovado"
2021,"Aluno 405","Matéria 5","Professor 6","2025-03-13","Médio","48.38","Reprovado"
2022,"Aluno 405","Matéria 9","Professor 4","2025-03-13","Difícil","74.81","Aprovado"
2023,"Aluno 405","Matéria 7","Professor 9","2025-03-13","Difícil","83.80","Aprovado"
2024,"Aluno 405","Matéria 1","Professor 10","2025-03-13","Médio","2.78","Reprovado"
2025,"Aluno 405","Matéria 2","Professor 3","2025-03-13","Difícil","56.73","Reprovado"
2026,"Aluno 406","Matéria 2","Professor 5","2025-03-13","Médio","26.56","Reprovado"
2027,"Aluno 406","Matéria 4","Professor 2","2025-03-13","Fácil","68.75","Reprovado"
2028,"Aluno 406","Matéria 6","Professor 6","2025-03-13","Fácil","82.67","Aprovado"
2029,"Aluno 406","Matéria 8","Professor 5","2025-03-13","Fácil","71.11","Aprovado"
2030,"Aluno 406","Matéria 6","Professor 8","2025-03-13","Difícil","79.31","Aprovado"
2031,"Aluno 407","Matéria 8","Professor 5","2025-03-13","Médio","75.55","Aprovado"
2032,"Aluno 407","Matéria 10","Professor 4","2025-03-13","Fácil","25.84","Reprovado"
2033,"Aluno 407","Matéria 5","Professor 4","2025-03-13","Difícil","64.75","Reprovado"
2034,"Aluno 407","Matéria 3","Professor 10","2025-03-13","Difícil","39.38","Reprovado"
2035,"Aluno 407","Matéria 1","Professor 9","2025-03-13","Difícil","92.25","Aprovado"
2036,"Aluno 408","Matéria 9","Professor 6","2025-03-13","Médio","17.56","Reprovado"
2037,"Aluno 408","Matéria 6","Professor 5","2025-03-13","Fácil","96.84","Aprovado"
2038,"Aluno 408","Matéria 10","Professor 9","2025-03-13","Difícil","44.21","Reprovado"
2039,"Aluno 408","Matéria 6","Professor 8","2025-03-13","Médio","84.50","Aprovado"
2040,"Aluno 408","Matéria 2","Professor 5","2025-03-13","Fácil","5.02","Reprovado"
2041,"Aluno 409","Matéria 6","Professor 7","2025-03-13","Fácil","26.58","Reprovado"
2042,"Aluno 409","Matéria 5","Professor 7","2025-03-13","Médio","90.75","Aprovado"
2043,"Aluno 409","Matéria 8","Professor 2","2025-03-13","Fácil","97.55","Aprovado"
2044,"Aluno 409","Matéria 8","Professor 10","2025-03-13","Difícil","25.55","Reprovado"
2045,"Aluno 409","Matéria 9","Professor 1","2025-03-13","Médio","99.94","Aprovado"
2046,"Aluno 410","Matéria 1","Professor 1","2025-03-13","Médio","39.58","Reprovado"
2047,"Aluno 410","Matéria 7","Professor 1","2025-03-13","Médio","86.88","Aprovado"
2048,"Aluno 410","Matéria 6","Professor 3","2025-03-13","Difícil","8.88","Reprovado"
2049,"Aluno 410","Matéria 4","Professor 6","2025-03-13","Médio","66.22","Reprovado"
2050,"Aluno 410","Matéria 10","Professor 4","2025-03-13","Difícil","4.61","Reprovado"
2051,"Aluno 411","Matéria 6","Professor 8","2025-03-13","Médio","93.21","Aprovado"
2052,"Aluno 411","Matéria 9","Professor 4","2025-03-13","Fácil","29.70","Reprovado"
2053,"Aluno 411","Matéria 8","Professor 10","2025-03-13","Fácil","89.13","Aprovado"
2054,"Aluno 411","Matéria 1","Professor 3","2025-03-13","Médio","1.39","Reprovado"
2055,"Aluno 411","Matéria 5","Professor 7","2025-03-13","Difícil","1.14","Reprovado"
2056,"Aluno 412","Matéria 2","Professor 4","2025-03-13","Médio","45.81","Reprovado"
2057,"Aluno 412","Matéria 1","Professor 7","2025-03-13","Difícil","74.85","Aprovado"
2058,"Aluno 412","Matéria 7","Professor 8","2025-03-13","Difícil","55.61","Reprovado"
2059,"Aluno 412","Matéria 3","Professor 7","2025-03-13","Fácil","40.12","Reprovado"
2060,"Aluno 412","Matéria 1","Professor 4","2025-03-13","Fácil","75.65","Aprovado"
2061,"Aluno 413","Matéria 1","Professor 7","2025-03-13","Difícil","12.67","Reprovado"
2062,"Aluno 413","Matéria 3","Professor 8","2025-03-13","Difícil","42.73","Reprovado"
2063,"Aluno 413","Matéria 1","Professor 3","2025-03-13","Difícil","93.81","Aprovado"
2064,"Aluno 413","Matéria 4","Professor 8","2025-03-13","Fácil","38.59","Reprovado"
2065,"Aluno 413","Matéria 6","Professor 2","2025-03-13","Fácil","31.75","Reprovado"
2066,"Aluno 414","Matéria 5","Professor 8","2025-03-13","Médio","25.58","Reprovado"
2067,"Aluno 414","Matéria 7","Professor 7","2025-03-13","Médio","95.22","Aprovado"
2068,"Aluno 414","Matéria 8","Professor 8","2025-03-13","Fácil","46.63","Reprovado"
2069,"Aluno 414","Matéria 6","Professor 7","2025-03-13","Médio","72.28","Aprovado"
2070,"Aluno 414","Matéria 1","Professor 1","2025-03-13","Fácil","10.15","Reprovado"
2071,"Aluno 415","Matéria 9","Professor 6","2025-03-13","Difícil","96.98","Aprovado"
2072,"Aluno 415","Matéria 6","Professor 4","2025-03-13","Médio","70.62","Aprovado"
2073,"Aluno 415","Matéria 5","Professor 10","2025-03-13","Médio","47.04","Reprovado"
2074,"Aluno 415","Matéria 6","Professor 1","2025-03-13","Médio","1.16","Reprovado"
2075,"Aluno 415","Matéria 4","Professor 7","2025-03-13","Fácil","51.51","Reprovado"
2076,"Aluno 416","Matéria 2","Professor 10","2025-03-13","Fácil","31.77","Reprovado"
2077,"Aluno 416","Matéria 1","Professor 5","2025-03-13","Difícil","73.70","Aprovado"
2078,"Aluno 416","Matéria 1","Professor 9","2025-03-13","Fácil","10.69","Reprovado"
2079,"Aluno 416","Matéria 5","Professor 6","2025-03-13","Difícil","80.52","Aprovado"
2080,"Aluno 416","Matéria 8","Professor 1","2025-03-13","Fácil","78.06","Aprovado"
2081,"Aluno 417","Matéria 10","Professor 5","2025-03-13","Médio","40.45","Reprovado"
2082,"Aluno 417","Matéria 2","Professor 3","2025-03-13","Fácil","22.56","Reprovado"
2083,"Aluno 417","Matéria 5","Professor 7","2025-03-13","Difícil","19.56","Reprovado"
2084,"Aluno 417","Matéria 4","Professor 10","2025-03-13","Fácil","26.12","Reprovado"
2085,"Aluno 417","Matéria 2","Professor 9","2025-03-13","Médio","55.89","Reprovado"
2086,"Aluno 418","Matéria 8","Professor 10","2025-03-13","Difícil","64.37","Reprovado"
2087,"Aluno 418","Matéria 7","Professor 7","2025-03-13","Difícil","87.63","Aprovado"
2088,"Aluno 418","Matéria 7","Professor 9","2025-03-13","Médio","45.23","Reprovado"
2089,"Aluno 418","Matéria 9","Professor 2","2025-03-13","Médio","26.87","Reprovado"
2090,"Aluno 418","Matéria 2","Professor 2","2025-03-13","Fácil","72.59","Aprovado"
2091,"Aluno 419","Matéria 7","Professor 7","2025-03-13","Fácil","16.44","Reprovado"
2092,"Aluno 419","Matéria 4","Professor 5","2025-03-13","Difícil","41.28","Reprovado"
2093,"Aluno 419","Matéria 6","Professor 2","2025-03-13","Fácil","24.09","Reprovado"
2094,"Aluno 419","Matéria 10","Professor 8","2025-03-13","Fácil","51.66","Reprovado"
2095,"Aluno 419","Matéria 3","Professor 9","2025-03-13","Médio","84.84","Aprovado"
2096,"Aluno 420","Matéria 10","Professor 9","2025-03-13","Difícil","11.13","Reprovado"
2097,"Aluno 420","Matéria 9","Professor 9","2025-03-13","Difícil","32.00","Reprovado"
2098,"Aluno 420","Matéria 6","Professor 7","2025-03-13","Médio","39.58","Reprovado"
2099,"Aluno 420","Matéria 5","Professor 1","2025-03-13","Difícil","74.97","Aprovado"
2100,"Aluno 420","Matéria 8","Professor 10","2025-03-13","Difícil","96.60","Aprovado"
2101,"Aluno 421","Matéria 2","Professor 10","2025-03-13","Médio","57.02","Reprovado"
2102,"Aluno 421","Matéria 10","Professor 8","2025-03-13","Difícil","80.66","Aprovado"
2103,"Aluno 421","Matéria 2","Professor 4","2025-03-13","Médio","6.83","Reprovado"
2104,"Aluno 421","Matéria 1","Professor 7","2025-03-13","Fácil","24.10","Reprovado"
2105,"Aluno 421","Matéria 9","Professor 5","2025-03-13","Fácil","40.76","Reprovado"
2106,"Aluno 422","Matéria 9","Professor 9","2025-03-13","Fácil","48.33","Reprovado"
2107,"Aluno 422","Matéria 9","Professor 10","2025-03-13","Médio","14.77","Reprovado"
2108,"Aluno 422","Matéria 9","Professor 5","2025-03-13","Difícil","76.67","Aprovado"
2109,"Aluno 422","Matéria 5","Professor 7","2025-03-13","Médio","43.94","Reprovado"
2110,"Aluno 422","Matéria 4","Professor 7","2025-03-13","Difícil","12.80","Reprovado"
2111,"Aluno 423","Matéria 8","Professor 8","2025-03-13","Difícil","52.99","Reprovado"
2112,"Aluno 423","Matéria 6","Professor 9","2025-03-13","Fácil","85.61","Aprovado"
2113,"Aluno 423","Matéria 3","Professor 2","2025-03-13","Difícil","51.31","Reprovado"
2114,"Aluno 423","Matéria 3","Professor 7","2025-03-13","Médio","41.08","Reprovado"
2115,"Aluno 423","Matéria 6","Professor 5","2025-03-13","Médio","27.78","Reprovado"
2116,"Aluno 424","Matéria 9","Professor 2","2025-03-13","Fácil","30.48","Reprovado"
2117,"Aluno 424","Matéria 9","Professor 7","2025-03-13","Fácil","57.66","Reprovado"
2118,"Aluno 424","Matéria 4","Professor 2","2025-03-13","Fácil","98.55","Aprovado"
2119,"Aluno 424","Matéria 3","Professor 1","2025-03-13","Difícil","71.06","Aprovado"
2120,"Aluno 424","Matéria 1","Professor 1","2025-03-13","Médio","22.05","Reprovado"
2121,"Aluno 425","Matéria 3","Professor 1","2025-03-13","Fácil","16.04","Reprovado"
2122,"Aluno 425","Matéria 7","Professor 6","2025-03-13","Difícil","62.21","Reprovado"
2123,"Aluno 425","Matéria 3","Professor 4","2025-03-13","Médio","63.89","Reprovado"
2124,"Aluno 425","Matéria 10","Professor 8","2025-03-13","Fácil","7.76","Reprovado"
2125,"Aluno 425","Matéria 9","Professor 6","2025-03-13","Fácil","19.90","Reprovado"
2126,"Aluno 426","Matéria 4","Professor 10","2025-03-13","Médio","83.01","Aprovado"
2127,"Aluno 426","Matéria 10","Professor 8","2025-03-13","Médio","94.88","Aprovado"
2128,"Aluno 426","Matéria 2","Professor 8","2025-03-13","Difícil","33.39","Reprovado"
2129,"Aluno 426","Matéria 5","Professor 10","2025-03-13","Fácil","62.06","Reprovado"
2130,"Aluno 426","Matéria 8","Professor 6","2025-03-13","Difícil","61.21","Reprovado"
2131,"Aluno 427","Matéria 3","Professor 7","2025-03-13","Fácil","1.55","Reprovado"
2132,"Aluno 427","Matéria 5","Professor 7","2025-03-13","Médio","8.10","Reprovado"
2133,"Aluno 427","Matéria 3","Professor 8","2025-03-13","Médio","97.73","Aprovado"
2134,"Aluno 427","Matéria 4","Professor 6","2025-03-13","Médio","37.19","Reprovado"
2135,"Aluno 427","Matéria 9","Professor 5","2025-03-13","Médio","73.01","Aprovado"
2136,"Aluno 428","Matéria 3","Professor 3","2025-03-13","Médio","20.04","Reprovado"
2137,"Aluno 428","Matéria 7","Professor 4","2025-03-13","Difícil","73.44","Aprovado"
2138,"Aluno 428","Matéria 3","Professor 9","2025-03-13","Difícil","73.28","Aprovado"
2139,"Aluno 428","Matéria 2","Professor 5","2025-03-13","Fácil","26.29","Reprovado"
2140,"Aluno 428","Matéria 6","Professor 5","2025-03-13","Fácil","85.16","Aprovado"
2141,"Aluno 429","Matéria 8","Professor 4","2025-03-13","Médio","72.36","Aprovado"
2142,"Aluno 429","Matéria 10","Professor 2","2025-03-13","Fácil","32.03","Reprovado"
2143,"Aluno 429","Matéria 2","Professor 7","2025-03-13","Difícil","97.93","Aprovado"
2144,"Aluno 429","Matéria 10","Professor 4","2025-03-13","Fácil","6.25","Reprovado"
2145,"Aluno 429","Matéria 6","Professor 5","2025-03-13","Médio","39.00","Reprovado"
2146,"Aluno 430","Matéria 8","Professor 10","2025-03-13","Difícil","35.56","Reprovado"
2147,"Aluno 430","Matéria 2","Professor 7","2025-03-13","Fácil","65.35","Reprovado"
2148,"Aluno 430","Matéria 9","Professor 5","2025-03-13","Difícil","5.57","Reprovado"
2149,"Aluno 430","Matéria 8","Professor 7","2025-03-13","Difícil","7.80","Reprovado"
2150,"Aluno 430","Matéria 7","Professor 3","2025-03-13","Fácil","72.58","Aprovado"
2151,"Aluno 431","Matéria 4","Professor 9","2025-03-13","Médio","84.32","Aprovado"
2152,"Aluno 431","Matéria 4","Professor 2","2025-03-13","Difícil","84.63","Aprovado"
2153,"Aluno 431","Matéria 2","Professor 6","2025-03-13","Difícil","54.37","Reprovado"
2154,"Aluno 431","Matéria 9","Professor 5","2025-03-13","Fácil","73.41","Aprovado"
2155,"Aluno 431","Matéria 1","Professor 2","2025-03-13","Difícil","77.07","Aprovado"
2156,"Aluno 432","Matéria 8","Professor 9","2025-03-13","Difícil","82.83","Aprovado"
2157,"Aluno 432","Matéria 7","Professor 7","2025-03-13","Fácil","64.30","Reprovado"
2158,"Aluno 432","Matéria 10","Professor 1","2025-03-13","Fácil","39.68","Reprovado"
2159,"Aluno 432","Matéria 7","Professor 2","2025-03-13","Fácil","48.81","Reprovado"
2160,"Aluno 432","Matéria 5","Professor 8","2025-03-13","Fácil","75.79","Aprovado"
2161,"Aluno 433","Matéria 6","Professor 6","2025-03-13","Difícil","97.57","Aprovado"
2162,"Aluno 433","Matéria 2","Professor 9","2025-03-13","Difícil","20.74","Reprovado"
2163,"Aluno 433","Matéria 6","Professor 9","2025-03-13","Médio","30.49","Reprovado"
2164,"Aluno 433","Matéria 9","Professor 4","2025-03-13","Fácil","57.67","Reprovado"
2165,"Aluno 433","Matéria 4","Professor 4","2025-03-13","Difícil","73.69","Aprovado"
2166,"Aluno 434","Matéria 1","Professor 9","2025-03-13","Fácil","46.83","Reprovado"
2167,"Aluno 434","Matéria 10","Professor 3","2025-03-13","Médio","92.33","Aprovado"
2168,"Aluno 434","Matéria 5","Professor 5","2025-03-13","Médio","63.36","Reprovado"
2169,"Aluno 434","Matéria 5","Professor 10","2025-03-13","Médio","74.49","Aprovado"
2170,"Aluno 434","Matéria 3","Professor 10","2025-03-13","Médio","65.75","Reprovado"
2171,"Aluno 435","Matéria 7","Professor 7","2025-03-13","Fácil","37.47","Reprovado"
2172,"Aluno 435","Matéria 8","Professor 5","2025-03-13","Médio","3.01","Reprovado"
2173,"Aluno 435","Matéria 8","Professor 3","2025-03-13","Médio","77.72","Aprovado"
2174,"Aluno 435","Matéria 5","Professor 8","2025-03-13","Difícil","67.99","Reprovado"
2175,"Aluno 435","Matéria 9","Professor 4","2025-03-13","Difícil","76.89","Aprovado"
2176,"Aluno 436","Matéria 4","Professor 9","2025-03-13","Difícil","73.52","Aprovado"
2177,"Aluno 436","Matéria 8","Professor 2","2025-03-13","Fácil","1.60","Reprovado"
2178,"Aluno 436","Matéria 3","Professor 4","2025-03-13","Fácil","3.89","Reprovado"
2179,"Aluno 436","Matéria 8","Professor 8","2025-03-13","Difícil","46.24","Reprovado"
2180,"Aluno 436","Matéria 6","Professor 3","2025-03-13","Difícil","40.08","Reprovado"
2181,"Aluno 437","Matéria 3","Professor 7","2025-03-13","Difícil","95.70","Aprovado"
2182,"Aluno 437","Matéria 1","Professor 3","2025-03-13","Médio","80.70","Aprovado"
2183,"Aluno 437","Matéria 6","Professor 10","2025-03-13","Difícil","67.95","Reprovado"
2184,"Aluno 437","Matéria 3","Professor 8","2025-03-13","Médio","89.07","Aprovado"
2185,"Aluno 437","Matéria 10","Professor 7","2025-03-13","Médio","4.70","Reprovado"
2186,"Aluno 438","Matéria 8","Professor 10","2025-03-13","Difícil","17.14","Reprovado"
2187,"Aluno 438","Matéria 2","Professor 2","2025-03-13","Fácil","7.49","Reprovado"
2188,"Aluno 438","Matéria 9","Professor 7","2025-03-13","Médio","16.32","Reprovado"
2189,"Aluno 438","Matéria 1","Professor 6","2025-03-13","Fácil","60.14","Reprovado"
2190,"Aluno 438","Matéria 3","Professor 10","2025-03-13","Difícil","80.42","Aprovado"
2191,"Aluno 439","Matéria 4","Professor 10","2025-03-13","Fácil","72.56","Aprovado"
2192,"Aluno 439","Matéria 4","Professor 3","2025-03-13","Difícil","76.02","Aprovado"
2193,"Aluno 439","Matéria 2","Professor 8","2025-03-13","Fácil","65.17","Reprovado"
2194,"Aluno 439","Matéria 2","Professor 1","2025-03-13","Difícil","13.28","Reprovado"
2195,"Aluno 439","Matéria 7","Professor 1","2025-03-13","Médio","28.15","Reprovado"
2196,"Aluno 440","Matéria 3","Professor 9","2025-03-13","Fácil","54.78","Reprovado"
2197,"Aluno 440","Matéria 10","Professor 3","2025-03-13","Fácil","10.90","Reprovado"
2198,"Aluno 440","Matéria 10","Professor 8","2025-03-13","Fácil","38.75","Reprovado"
2199,"Aluno 440","Matéria 4","Professor 7","2025-03-13","Difícil","83.45","Aprovado"
2200,"Aluno 440","Matéria 3","Professor 2","2025-03-13","Médio","99.90","Aprovado"
2201,"Aluno 441","Matéria 7","Professor 3","2025-03-13","Fácil","36.26","Reprovado"
2202,"Aluno 441","Matéria 9","Professor 10","2025-03-13","Médio","61.59","Reprovado"
2203,"Aluno 441","Matéria 10","Professor 1","2025-03-13","Médio","49.04","Reprovado"
2204,"Aluno 441","Matéria 10","Professor 2","2025-03-13","Fácil","91.86","Aprovado"
2205,"Aluno 441","Matéria 5","Professor 2","2025-03-13","Médio","64.47","Reprovado"
2206,"Aluno 442","Matéria 6","Professor 6","2025-03-13","Fácil","85.58","Aprovado"
2207,"Aluno 442","Matéria 10","Professor 5","2025-03-13","Difícil","17.20","Reprovado"
2208,"Aluno 442","Matéria 7","Professor 5","2025-03-13","Médio","77.37","Aprovado"
2209,"Aluno 442","Matéria 2","Professor 8","2025-03-13","Fácil","99.48","Aprovado"
2210,"Aluno 442","Matéria 8","Professor 1","2025-03-13","Difícil","74.56","Aprovado"
2211,"Aluno 443","Matéria 1","Professor 2","2025-03-13","Fácil","29.58","Reprovado"
2212,"Aluno 443","Matéria 4","Professor 5","2025-03-13","Difícil","34.55","Reprovado"
2213,"Aluno 443","Matéria 6","Professor 1","2025-03-13","Difícil","48.33","Reprovado"
2214,"Aluno 443","Matéria 6","Professor 8","2025-03-13","Difícil","6.71","Reprovado"
2215,"Aluno 443","Matéria 1","Professor 6","2025-03-13","Médio","80.67","Aprovado"
2216,"Aluno 444","Matéria 1","Professor 6","2025-03-13","Fácil","98.03","Aprovado"
2217,"Aluno 444","Matéria 6","Professor 10","2025-03-13","Médio","7.19","Reprovado"
2218,"Aluno 444","Matéria 2","Professor 9","2025-03-13","Difícil","26.56","Reprovado"
2219,"Aluno 444","Matéria 9","Professor 10","2025-03-13","Médio","43.31","Reprovado"
2220,"Aluno 444","Matéria 10","Professor 6","2025-03-13","Médio","77.34","Aprovado"
2221,"Aluno 445","Matéria 5","Professor 5","2025-03-13","Difícil","8.94","Reprovado"
2222,"Aluno 445","Matéria 1","Professor 6","2025-03-13","Médio","57.42","Reprovado"
2223,"Aluno 445","Matéria 2","Professor 2","2025-03-13","Difícil","51.63","Reprovado"
2224,"Aluno 445","Matéria 8","Professor 9","2025-03-13","Difícil","63.63","Reprovado"
2225,"Aluno 445","Matéria 9","Professor 8","2025-03-13","Difícil","11.96","Reprovado"
2226,"Aluno 446","Matéria 5","Professor 6","2025-03-13","Fácil","55.98","Reprovado"
2227,"Aluno 446","Matéria 6","Professor 2","2025-03-13","Fácil","47.50","Reprovado"
2228,"Aluno 446","Matéria 6","Professor 1","2025-03-13","Difícil","86.79","Aprovado"
2229,"Aluno 446","Matéria 10","Professor 4","2025-03-13","Difícil","93.40","Aprovado"
2230,"Aluno 446","Matéria 9","Professor 8","2025-03-13","Difícil","64.45","Reprovado"
2231,"Aluno 447","Matéria 4","Professor 5","2025-03-13","Médio","26.29","Reprovado"
2232,"Aluno 447","Matéria 5","Professor 10","2025-03-13","Difícil","35.65","Reprovado"
2233,"Aluno 447","Matéria 2","Professor 8","2025-03-13","Médio","38.90","Reprovado"
2234,"Aluno 447","Matéria 9","Professor 7","2025-03-13","Difícil","85.71","Aprovado"
2235,"Aluno 447","Matéria 5","Professor 8","2025-03-13","Difícil","13.83","Reprovado"
2236,"Aluno 448","Matéria 2","Professor 5","2025-03-13","Difícil","11.38","Reprovado"
2237,"Aluno 448","Matéria 2","Professor 1","2025-03-13","Difícil","10.51","Reprovado"
2238,"Aluno 448","Matéria 10","Professor 2","2025-03-13","Fácil","12.14","Reprovado"
2239,"Aluno 448","Matéria 3","Professor 2","2025-03-13","Médio","87.71","Aprovado"
2240,"Aluno 448","Matéria 7","Professor 1","2025-03-13","Difícil","4.72","Reprovado"
2241,"Aluno 449","Matéria 4","Professor 4","2025-03-13","Difícil","70.80","Aprovado"
2242,"Aluno 449","Matéria 1","Professor 3","2025-03-13","Fácil","34.60","Reprovado"
2243,"Aluno 449","Matéria 1","Professor 2","2025-03-13","Fácil","23.34","Reprovado"
2244,"Aluno 449","Matéria 5","Professor 7","2025-03-13","Difícil","67.24","Reprovado"
2245,"Aluno 449","Matéria 10","Professor 5","2025-03-13","Fácil","29.93","Reprovado"
2246,"Aluno 450","Matéria 8","Professor 6","2025-03-13","Difícil","81.64","Aprovado"
2247,"Aluno 450","Matéria 8","Professor 5","2025-03-13","Médio","83.94","Aprovado"
2248,"Aluno 450","Matéria 8","Professor 4","2025-03-13","Difícil","31.20","Reprovado"
2249,"Aluno 450","Matéria 5","Professor 4","2025-03-13","Difícil","16.69","Reprovado"
2250,"Aluno 450","Matéria 9","Professor 5","2025-03-13","Médio","78.33","Aprovado"